date,temperature_2m_max,temperature_2m_min,precipitation_sum,shortwave_radiation_sum,wind_speed_10m_max,relative_humidity_2m_mean,ndvi_mean,ndvi_p10,ndvi_p90,n_obs,cloud_frac,window_start,window_end,ndvi_mean_daily,precip_7d,tmean,tmean_7d
2024-01-01,10.6000,7.7000,0.2000,2.2100,8.4000,89,,,,,,,,0.4295,0.2000,9.1500,9.1500
2024-01-02,13.2000,4.7000,0.0000,8.9400,9.0000,84,,,,,,,,0.4295,0.2000,8.9500,9.0500
2024-01-03,14.3000,4.0000,0.0000,10.4400,8.3000,77,,,,,,,,0.4295,0.2000,9.1500,9.0833
2024-01-04,10.8000,4.4000,0.6000,2.2900,9.5000,91,,,,,,,,0.4295,0.8000,7.6000,8.7125
2024-01-05,11.0000,7.7000,0.2000,2.4800,7.0000,86,,,,,,,,0.4295,1.0000,9.3500,8.8400
2024-01-06,14.9000,7.5000,0.0000,9.1400,12.4000,76,,,,,,,,0.4295,1.0000,11.2000,9.2333
2024-01-07,14.7000,8.7000,0.0000,7.0000,7.4000,74,,,,,,,,0.4295,1.0000,11.7000,9.5857
2024-01-08,14.3000,5.0000,0.1000,8.4500,9.7000,85,,,,,,,,0.4295,0.9000,9.6500,9.6571
2024-01-09,15.9000,6.4000,1.1000,10.9200,11.9000,79,0.4295,0.1895,0.6582,7.0000,0.0000,2024-01-01,2024-01-16,0.4295,2.0000,11.1500,9.9714
2024-01-10,15.4000,3.1000,0.0000,10.7700,10.1000,77,,,,,,,,0.4315,2.0000,9.2500,9.9857
2024-01-11,14.6000,2.5000,0.0000,8.2500,9.0000,85,,,,,,,,0.4336,1.4000,8.5500,10.1214
2024-01-12,15.1000,3.9000,0.0000,8.9000,7.8000,88,,,,,,,,0.4356,1.2000,9.5000,10.1429
2024-01-13,14.5000,4.9000,0.0000,4.3400,9.7000,85,,,,,,,,0.4376,1.2000,9.7000,9.9286
2024-01-14,15.3000,9.9000,1.3000,4.5300,8.2000,82,,,,,,,,0.4396,2.5000,12.6000,10.0571
2024-01-15,16.7000,10.3000,0.0000,7.8600,13.7000,74,,,,,,,,0.4416,2.4000,13.5000,10.6071
2024-01-16,14.2000,9.0000,0.0000,5.6300,12.5000,72,,,,,,,,0.4436,1.3000,11.6000,10.6714
2024-01-17,14.0000,6.4000,0.0000,8.2900,8.1000,77,,,,,,,,0.4456,1.3000,10.2000,10.8071
2024-01-18,15.1000,8.3000,0.0000,8.4400,11.6000,74,,,,,,,,0.4476,1.3000,11.7000,11.2571
2024-01-19,13.7000,8.8000,0.2000,6.3300,11.2000,75,,,,,,,,0.4497,1.5000,11.2500,11.5071
2024-01-20,12.3000,7.7000,2.2000,6.3100,11.8000,74,,,,,,,,0.4517,3.7000,10.0000,11.5500
2024-01-21,8.7000,2.9000,10.0000,1.5200,22.6000,84,,,,,,,,0.4537,12.4000,5.8000,10.5786
2024-01-22,6.7000,0.7000,2.0000,8.1000,10.0000,74,,,,,,,,0.4557,14.4000,3.7000,9.1786
2024-01-23,3.9000,1.4000,1.7000,2.8000,13.9000,83,,,,,,,,0.4577,16.1000,2.6500,7.9000
2024-01-24,4.2000,0.7000,2.9000,3.3300,13.3000,83,,,,,,,,0.4597,19.0000,2.4500,6.7929
2024-01-25,5.8000,-3.1000,0.8000,7.2800,8.2000,84,,,,,,,,0.4617,19.8000,1.3500,5.3143
2024-01-26,8.4000,-3.4000,0.1000,10.6200,8.4000,81,,,,,,,,0.4638,19.7000,2.5000,4.0643
2024-01-27,9.1000,0.4000,0.8000,9.8400,9.2000,83,,,,,,,,0.4658,18.3000,4.7500,3.3143
2024-01-28,8.9000,1.2000,0.2000,7.0100,7.8000,81,,,,,,,,0.4678,8.5000,5.0500,3.2071
2024-01-29,9.7000,2.9000,0.5000,6.5300,7.6000,80,,,,,,,,0.4698,7.0000,6.3000,3.5786
2024-01-30,9.4000,4.9000,0.0000,5.0200,6.9000,77,,,,,,,,0.4718,5.3000,7.1500,4.2214
2024-01-31,9.7000,4.8000,0.3000,4.1800,8.9000,81,,,,,,,,0.4738,2.7000,7.2500,4.9071
2024-02-01,12.8000,3.3000,0.0000,9.8100,11.6000,72,,,,,,,,0.4758,1.9000,8.0500,5.8643
2024-02-02,8.9000,6.4000,1.7000,2.2600,13.0000,87,,,,,,,,0.4779,3.5000,7.6500,6.6000
2024-02-03,7.3000,5.2000,1.4000,2.9700,13.2000,80,,,,,,,,0.4799,4.1000,6.2500,6.8143
2024-02-04,10.2000,2.6000,0.9000,9.3900,11.9000,78,,,,,,,,0.4819,4.8000,6.4000,7.0071
2024-02-05,7.8000,4.7000,1.0000,3.0900,10.5000,85,,,,,,,,0.4839,5.3000,6.2500,7.0000
2024-02-06,9.6000,4.3000,0.0000,5.1500,10.0000,81,,,,,,,,0.4859,5.3000,6.9500,6.9714
2024-02-07,8.1000,4.4000,0.5000,4.3400,9.7000,80,,,,,,,,0.4879,5.5000,6.2500,6.8286
2024-02-08,9.2000,2.3000,0.4000,6.9000,8.2000,78,,,,,,,,0.4899,5.9000,5.7500,6.5000
2024-02-09,13.9000,3.9000,0.1000,13.7100,10.0000,77,,,,,,,,0.4920,4.3000,8.9000,6.6786
2024-02-10,14.3000,0.9000,0.0000,13.4900,9.7000,83,0.4940,0.1992,0.7617,6.0000,0.0000,2024-02-02,2024-02-17,0.4940,2.9000,7.6000,6.8714
2024-02-11,15.2000,2.3000,0.0000,12.7700,9.8000,85,,,,,,,,0.4943,2.0000,8.7500,7.2071
2024-02-12,17.1000,3.3000,0.0000,13.3700,7.2000,81,,,,,,,,0.4946,1.0000,10.2000,7.7714
2024-02-13,18.5000,4.0000,0.0000,14.3600,7.5000,80,,,,,,,,0.4949,1.0000,11.2500,8.3857
2024-02-14,17.2000,6.4000,0.6000,5.0800,15.1000,71,,,,,,,,0.4952,1.1000,11.8000,9.1786
2024-02-15,16.8000,8.3000,0.5000,11.2000,10.7000,66,,,,,,,,0.4955,1.2000,12.5500,10.1500
2024-02-16,15.7000,2.9000,0.0000,14.9500,9.5000,76,,,,,,,,0.4958,1.1000,9.3000,10.2071
2024-02-17,17.7000,3.5000,0.0000,14.0600,8.9000,77,,,,,,,,0.4961,1.1000,10.6000,10.6357
2024-02-18,20.0000,4.9000,0.0000,14.5000,15.0000,75,,,,,,,,0.4964,1.1000,12.4500,11.1643
2024-02-19,18.8000,9.7000,0.0000,11.6700,13.5000,54,,,,,,,,0.4967,1.1000,14.2500,11.7429
2024-02-20,18.7000,7.9000,0.0000,12.2300,19.2000,58,,,,,,,,0.4970,1.1000,13.3000,12.0357
2024-02-21,12.5000,6.7000,0.8000,5.2400,17.9000,53,,,,,,,,0.4973,1.3000,9.6000,11.7214
2024-02-22,7.4000,4.4000,0.0000,5.4500,18.4000,53,,,,,,,,0.4976,0.8000,5.9000,10.7714
2024-02-23,5.8000,2.4000,0.0000,4.6900,16.5000,67,,,,,,,,0.4979,0.8000,4.1000,10.0286
2024-02-24,9.2000,0.5000,0.0000,12.0100,10.2000,69,,,,,,,,0.4982,0.8000,4.8500,9.2071
2024-02-25,10.0000,-1.0000,0.0000,11.2000,13.9000,70,,,,,,,,0.4985,0.8000,4.5000,8.0714
2024-02-26,10.2000,3.8000,0.1000,8.3600,9.1000,69,0.4988,0.2246,0.7637,7.0000,0.0000,2024-02-18,2024-03-04,0.4988,0.9000,7.0000,7.0357
2024-02-27,11.2000,5.1000,0.7000,7.6500,15.7000,72,,,,,,,,0.5011,1.6000,8.1500,6.3000
2024-02-28,7.4000,5.7000,2.4000,2.6600,13.1000,87,,,,,,,,0.5035,3.2000,6.5500,5.8643
2024-02-29,12.9000,2.4000,1.6000,12.5000,14.0000,75,,,,,,,,0.5058,4.8000,7.6500,6.1143
2024-03-01,8.8000,5.0000,3.3000,4.9600,15.5000,83,,,,,,,,0.5081,8.1000,6.9000,6.5143
2024-03-02,11.5000,3.3000,0.8000,8.4600,12.8000,80,,,,,,,,0.5105,8.9000,7.4000,6.8786
2024-03-03,13.0000,6.2000,0.0000,7.5100,9.3000,77,,,,,,,,0.5128,8.9000,9.6000,7.6071
2024-03-04,14.9000,4.0000,0.0000,11.5100,10.8000,75,,,,,,,,0.5151,8.8000,9.4500,7.9571
2024-03-05,16.5000,5.3000,1.0000,10.3800,17.1000,64,,,,,,,,0.5175,9.1000,10.9000,8.3500
2024-03-06,15.4000,7.7000,0.3000,11.5400,13.7000,64,,,,,,,,0.5198,7.0000,11.5500,9.0643
2024-03-07,16.9000,8.3000,0.0000,12.4200,13.3000,55,,,,,,,,0.5221,5.4000,12.6000,9.7714
2024-03-08,16.2000,6.3000,0.5000,11.9100,13.0000,63,,,,,,,,0.5245,2.6000,11.2500,10.3929
2024-03-09,16.0000,5.7000,0.8000,12.1700,8.2000,78,,,,,,,,0.5268,2.6000,10.8500,10.8857
2024-03-10,15.8000,7.6000,1.9000,6.2600,13.9000,84,,,,,,,,0.5291,4.5000,11.7000,11.1857
2024-03-11,19.8000,5.7000,0.3000,18.1200,14.2000,77,,,,,,,,0.5314,4.8000,12.7500,11.6571
2024-03-12,17.2000,11.8000,1.3000,6.7200,13.5000,77,,,,,,,,0.5338,5.1000,14.5000,12.1714
2024-03-13,20.7000,9.3000,1.2000,15.5400,10.5000,63,0.5361,0.2305,0.8085,6.0000,0.0000,2024-03-05,2024-03-20,0.5361,6.0000,15.0000,12.6643
2024-03-14,20.1000,11.6000,1.7000,14.8200,14.6000,77,,,,,,,,0.5371,7.7000,15.8500,13.1286
2024-03-15,21.6000,10.8000,0.0000,13.7300,12.7000,72,,,,,,,,0.5381,7.2000,16.2000,13.8357
2024-03-16,19.7000,14.1000,3.5000,6.9500,16.0000,78,,,,,,,,0.5391,9.9000,16.9000,14.7000
2024-03-17,19.5000,12.3000,0.7000,11.2300,12.8000,66,,,,,,,,0.5400,8.7000,15.9000,15.3000
2024-03-18,17.0000,11.3000,1.0000,6.5800,15.3000,69,,,,,,,,0.5410,9.4000,14.1500,15.5000
2024-03-19,18.3000,11.2000,3.7000,11.2400,12.7000,72,,,,,,,,0.5420,11.8000,14.7500,15.5357
2024-03-20,20.8000,10.1000,0.0000,17.4800,7.5000,65,,,,,,,,0.5430,10.6000,15.4500,15.6000
2024-03-21,22.2000,9.2000,0.0000,19.0300,10.1000,68,,,,,,,,0.5440,8.9000,15.7000,15.5786
2024-03-22,24.3000,11.4000,0.0000,15.1600,14.3000,68,,,,,,,,0.5450,8.9000,17.8500,15.8143
2024-03-23,27.2000,11.6000,0.0000,16.1000,17.9000,65,,,,,,,,0.5460,5.4000,19.4000,16.1714
2024-03-24,20.5000,13.4000,17.2000,7.7100,18.4000,70,,,,,,,,0.5470,21.9000,16.9500,16.3214
2024-03-25,22.7000,10.0000,4.1000,18.8100,18.4000,68,,,,,,,,0.5479,25.0000,16.3500,16.6357
2024-03-26,21.3000,14.3000,0.0000,10.4600,17.3000,70,,,,,,,,0.5489,21.3000,17.8000,17.0714
2024-03-27,17.9000,13.8000,7.7000,5.0400,13.9000,80,,,,,,,,0.5499,29.0000,15.8500,17.1286
2024-03-28,24.7000,8.7000,0.0000,20.0200,11.4000,71,,,,,,,,0.5509,29.0000,16.7000,17.2714
2024-03-29,26.4000,11.1000,0.0000,20.1500,12.5000,69,0.5519,0.2226,0.8243,7.0000,0.0000,2024-03-21,2024-04-05,0.5519,29.0000,18.7500,17.4000
2024-03-30,25.5000,15.8000,2.7000,15.5900,12.0000,68,,,,,,,,0.5512,31.7000,20.6500,17.5786
2024-03-31,26.1000,13.9000,1.5000,14.1100,7.2000,71,,,,,,,,0.5505,16.0000,20.0000,18.0143
2024-04-01,26.1000,15.9000,4.8000,13.0900,12.7000,75,,,,,,,,0.5499,16.7000,21.0000,18.6786
2024-04-02,27.8000,16.6000,2.1000,17.8900,11.1000,69,,,,,,,,0.5492,18.8000,22.2000,19.3071
2024-04-03,21.9000,15.7000,20.7000,6.1300,21.1000,78,,,,,,,,0.5485,31.8000,18.8000,19.7286
2024-04-04,23.6000,15.1000,3.7000,13.3800,15.8000,74,,,,,,,,0.5478,35.5000,19.3500,20.1071
2024-04-05,23.0000,15.1000,1.9000,15.0600,15.8000,79,,,,,,,,0.5472,37.4000,19.0500,20.1500
2024-04-06,16.1000,13.0000,5.2000,3.2400,12.1000,85,,,,,,,,0.5465,39.9000,14.5500,19.2786
2024-04-07,16.3000,12.4000,3.1000,6.0700,8.1000,86,,,,,,,,0.5458,41.5000,14.3500,18.4714
2024-04-08,21.0000,9.6000,0.3000,11.7900,8.7000,81,,,,,,,,0.5451,37.0000,15.3000,17.6571
2024-04-09,22.2000,13.9000,0.4000,13.1400,10.1000,78,,,,,,,,0.5445,35.3000,18.0500,17.0643
2024-04-10,24.0000,14.5000,0.0000,15.0200,10.4000,73,,,,,,,,0.5438,14.6000,19.2500,17.1286
2024-04-11,24.8000,15.0000,3.2000,18.0100,9.2000,75,,,,,,,,0.5431,14.1000,19.9000,17.2071
2024-04-12,25.9000,15.2000,0.0000,17.2300,8.5000,73,,,,,,,,0.5424,12.2000,20.5500,17.4214
2024-04-13,27.7000,17.5000,0.0000,15.4800,12.6000,71,,,,,,,,0.5418,7.0000,22.6000,18.5714
2024-04-14,30.0000,16.2000,0.0000,18.6400,12.6000,68,0.5411,0.2773,0.7304,6.0000,0.0000,2024-04-06,2024-04-21,0.5411,3.9000,23.1000,19.8214
2024-04-15,30.6000,19.5000,2.1000,14.0600,15.0000,63,,,,,,,,0.5374,5.7000,25.0500,21.2143
2024-04-16,28.0000,18.3000,5.3000,16.4000,16.2000,74,,,,,,,,0.5337,10.6000,23.1500,21.9429
2024-04-17,24.3000,18.7000,6.6000,9.7200,7.9000,82,,,,,,,,0.5300,17.2000,21.5000,22.2643
2024-04-18,23.7000,18.0000,12.7000,8.7100,9.9000,86,,,,,,,,0.5264,26.7000,20.8500,22.4000
2024-04-19,25.8000,17.1000,0.3000,18.1700,15.8000,75,,,,,,,,0.5227,27.0000,21.4500,22.5286
2024-04-20,22.2000,16.3000,6.6000,5.0900,13.8000,80,,,,,,,,0.5190,33.6000,19.2500,22.0500
2024-04-21,25.1000,14.0000,0.3000,18.2600,9.4000,75,,,,,,,,0.5153,33.9000,19.5500,21.5429
2024-04-22,25.3000,16.7000,12.6000,17.8900,9.7000,77,,,,,,,,0.5116,44.4000,21.0000,20.9643
2024-04-23,22.2000,15.4000,1.4000,7.2600,13.3000,77,,,,,,,,0.5080,40.5000,18.8000,20.3429
2024-04-24,24.2000,13.2000,1.3000,17.6600,12.5000,76,,,,,,,,0.5043,35.2000,18.7000,19.9429
2024-04-25,25.1000,14.7000,0.0000,15.6500,11.5000,79,,,,,,,,0.5006,22.5000,19.9000,19.8071
2024-04-26,26.3000,14.8000,0.2000,16.2500,9.4000,76,,,,,,,,0.4969,22.4000,20.5500,19.6786
2024-04-27,28.7000,17.3000,0.1000,20.4900,13.0000,70,,,,,,,,0.4932,15.9000,23.0000,20.2143
2024-04-28,29.3000,17.9000,7.7000,17.4600,15.9000,75,,,,,,,,0.4895,23.3000,23.6000,20.7929
2024-04-29,23.8000,15.1000,9.9000,8.6400,26.4000,79,,,,,,,,0.4859,20.6000,19.4500,20.5714
2024-04-30,22.2000,14.4000,0.1000,17.2000,15.9000,59,,,,6.0000,0.8238,2024-04-22,2024-05-07,0.4822,19.3000,18.3000,20.5000
2024-05-01,17.4000,14.5000,7.9000,4.5300,10.1000,85,,,,,,,,0.4785,25.9000,15.9500,20.1071
2024-05-02,17.3000,13.9000,3.1000,4.6700,10.1000,87,,,,,,,,0.4748,29.0000,15.6000,19.4929
2024-05-03,20.5000,13.9000,0.5000,7.4300,10.0000,83,,,,,,,,0.4711,29.3000,17.2000,19.0143
2024-05-04,24.4000,14.7000,1.5000,17.7100,13.9000,74,,,,,,,,0.4675,30.7000,19.5500,18.5214
2024-05-05,26.5000,13.7000,0.0000,20.0000,9.1000,73,,,,,,,,0.4638,23.0000,20.1000,18.0214
2024-05-06,26.8000,16.2000,2.6000,18.5800,7.9000,75,,,,,,,,0.4601,15.7000,21.5000,18.3143
2024-05-07,26.7000,16.8000,4.0000,16.2500,12.4000,75,,,,,,,,0.4564,19.6000,21.7500,18.8071
2024-05-08,21.3000,17.7000,9.9000,4.9600,11.8000,87,,,,,,,,0.4527,21.6000,19.5000,19.3143
2024-05-09,26.5000,15.2000,0.1000,20.3400,9.0000,79,,,,,,,,0.4490,18.6000,20.8500,20.0643
2024-05-10,25.5000,17.4000,2.5000,14.8800,9.4000,84,,,,,,,,0.4454,20.6000,21.4500,20.6714
2024-05-11,24.1000,18.7000,7.5000,7.8800,19.8000,78,,,,,,,,0.4417,26.6000,21.4000,20.9357
2024-05-12,26.4000,18.1000,0.0000,15.4000,14.4000,69,,,,,,,,0.4380,26.6000,22.2500,21.2429
2024-05-13,28.3000,14.8000,0.0000,23.2100,9.2000,72,,,,,,,,0.4343,24.0000,21.5500,21.2500
2024-05-14,29.6000,15.9000,0.3000,20.2900,9.5000,68,,,,,,,,0.4306,20.3000,22.7500,21.3929
2024-05-15,28.8000,18.2000,0.5000,18.6400,16.8000,75,,,,,,,,0.4270,10.9000,23.5000,21.9643
2024-05-16,29.9000,17.9000,1.0000,19.6600,10.4000,70,0.4233,0.1524,0.7695,7.0000,0.0000,2024-05-08,2024-05-23,0.4233,11.8000,23.9000,22.4000
2024-05-17,28.5000,20.4000,0.0000,10.8300,7.8000,72,,,,,,,,0.4249,9.3000,24.4500,22.8286
2024-05-18,29.5000,19.7000,3.8000,18.1500,12.2000,74,,,,,,,,0.4265,5.6000,24.6000,23.2857
2024-05-19,30.8000,18.4000,0.0000,20.8400,13.2000,67,,,,,,,,0.4281,5.6000,24.6000,23.6214
2024-05-20,30.9000,17.8000,0.0000,22.0100,12.6000,66,,,,,,,,0.4298,5.6000,24.3500,24.0214
2024-05-21,30.3000,18.9000,0.2000,20.6600,12.4000,65,,,,,,,,0.4314,5.5000,24.6000,24.2857
2024-05-22,31.2000,19.7000,0.5000,21.0900,9.0000,65,,,,,,,,0.4330,5.5000,25.4500,24.5643
2024-05-23,33.5000,22.1000,0.0000,20.9000,12.6000,58,,,,,,,,0.4346,4.5000,27.8000,25.1214
2024-05-24,35.5000,23.2000,0.0000,21.7400,14.7000,56,,,,,,,,0.4362,4.5000,29.3500,25.8214
2024-05-25,34.6000,23.6000,5.6000,16.6200,20.7000,66,,,,,,,,0.4379,6.3000,29.1000,26.4643
2024-05-26,34.8000,23.0000,0.1000,21.3300,14.3000,58,,,,,,,,0.4395,6.4000,28.9000,27.0786
2024-05-27,33.5000,24.2000,1.2000,17.3300,14.7000,57,,,,,,,,0.4411,7.6000,28.8500,27.7214
2024-05-28,27.6000,22.3000,14.2000,9.4000,14.2000,83,,,,,,,,0.4427,21.6000,24.9500,27.7714
2024-05-29,22.1000,19.3000,4.6000,4.3800,18.7000,84,,,,,,,,0.4444,25.7000,20.7000,27.0929
2024-05-30,29.3000,19.5000,0.0000,22.0000,19.5000,55,,,,,,,,0.4460,25.7000,24.4000,26.6071
2024-05-31,31.1000,19.3000,0.0000,20.7500,8.7000,56,,,,,,,,0.4476,25.7000,25.2000,26.0143
2024-06-01,27.8000,21.7000,0.3000,7.7900,12.9000,61,,,,6.0000,0.9385,2024-05-24,2024-06-08,0.4492,20.4000,24.7500,25.3929
2024-06-02,27.8000,19.9000,0.4000,12.5900,11.5000,67,,,,,,,,0.4508,20.7000,23.8500,24.6714
2024-06-03,24.6000,20.1000,0.2000,7.8200,14.0000,77,,,,,,,,0.4525,19.7000,22.3500,23.7429
2024-06-04,27.6000,18.7000,2.5000,18.6200,12.3000,72,,,,,,,,0.4541,8.0000,23.1500,23.4857
2024-06-05,28.1000,18.0000,0.0000,16.0300,9.7000,73,,,,,,,,0.4557,3.4000,23.0500,23.8214
2024-06-06,27.5000,21.3000,0.6000,11.7300,13.4000,73,,,,,,,,0.4573,4.0000,24.4000,23.8214
2024-06-07,25.5000,19.1000,1.2000,7.6300,9.5000,81,,,,,,,,0.4589,5.2000,22.3000,23.4071
2024-06-08,27.9000,21.1000,0.5000,17.4600,14.8000,72,,,,,,,,0.4606,5.4000,24.5000,23.3714
2024-06-09,27.6000,19.0000,0.0000,11.6000,7.4000,72,,,,,,,,0.4622,5.0000,23.3000,23.2929
2024-06-10,29.1000,19.0000,0.0000,17.5500,6.9000,72,,,,,,,,0.4638,4.8000,24.0500,23.5357
2024-06-11,31.3000,22.0000,1.9000,22.7000,10.6000,63,,,,,,,,0.4654,4.2000,26.6500,24.0357
2024-06-12,32.1000,19.7000,0.0000,22.1800,10.2000,69,,,,,,,,0.4670,4.2000,25.9000,24.4429
2024-06-13,34.0000,23.8000,0.0000,20.8400,9.7000,59,,,,,,,,0.4687,3.6000,28.9000,25.0857
2024-06-14,35.2000,23.5000,0.0000,20.1300,9.1000,55,,,,,,,,0.4703,2.4000,29.3500,26.0929
2024-06-15,35.6000,23.6000,1.1000,15.5000,5.8000,52,,,,,,,,0.4719,3.0000,29.6000,26.8214
2024-06-16,31.4000,25.5000,2.0000,14.0900,18.8000,60,,,,,,,,0.4735,5.0000,28.4500,27.5571
2024-06-17,33.5000,22.5000,0.0000,17.6700,13.0000,57,0.4752,0.3399,0.6290,7.0000,0.5364,2024-06-09,2024-06-24,0.4752,5.0000,28.0000,28.1214
2024-06-18,30.5000,23.0000,4.6000,17.1000,13.1000,73,,,,,,,,0.4785,7.7000,26.7500,28.1357
2024-06-19,30.6000,22.7000,14.0000,20.5000,15.6000,81,,,,,,,,0.4819,21.7000,26.6500,28.2429
2024-06-20,30.6000,22.9000,2.0000,17.6500,14.1000,80,,,,,,,,0.4853,23.7000,26.7500,27.9357
2024-06-21,29.8000,23.5000,0.5000,11.2200,13.7000,79,,,,,,,,0.4886,24.2000,26.6500,27.5500
2024-06-22,33.5000,22.2000,0.0000,18.9600,11.9000,62,,,,,,,,0.4920,23.1000,27.8500,27.3000
2024-06-23,30.9000,21.7000,0.0000,13.1200,9.8000,68,,,,,,,,0.4954,21.1000,26.3000,26.9929
2024-06-24,31.4000,21.6000,0.0000,12.6400,13.1000,73,,,,,,,,0.4987,21.1000,26.5000,26.7786
2024-06-25,30.3000,18.9000,0.9000,21.6500,8.9000,73,,,,,,,,0.5021,17.4000,24.6000,26.4714
2024-06-26,24.3000,21.2000,9.0000,6.6500,6.9000,88,,,,,,,,0.5055,12.4000,22.7500,25.9143
2024-06-27,27.2000,19.6000,6.7000,13.9200,8.9000,86,,,,,,,,0.5088,17.1000,23.4000,25.4357
2024-06-28,27.9000,20.6000,1.0000,13.5400,6.3000,84,,,,,,,,0.5122,17.6000,24.2500,25.0929
2024-06-29,30.0000,20.8000,0.1000,14.2600,9.7000,82,,,,,,,,0.5156,17.7000,25.4000,24.7429
2024-06-30,31.7000,21.6000,10.3000,20.8200,15.6000,82,,,,,,,,0.5189,28.0000,26.6500,24.7929
2024-07-01,30.0000,22.5000,46.3000,21.5300,20.9000,77,,,,,,,,0.5223,74.3000,26.2500,24.7571
2024-07-02,31.6000,22.5000,0.2000,16.6600,9.4000,74,,,,,,,,0.5257,73.6000,27.0500,25.1071
2024-07-03,29.1000,22.0000,2.0000,18.5800,10.8000,81,0.5291,0.3165,0.7383,6.0000,0.2359,2024-06-25,2024-07-10,0.5291,66.6000,25.5500,25.5071
2024-07-04,28.8000,21.6000,2.7000,13.0100,7.1000,83,,,,,,,,0.5326,62.6000,25.2000,25.7643
2024-07-05,31.3000,22.2000,2.5000,20.6700,9.2000,80,,,,,,,,0.5361,64.1000,26.7500,26.1214
2024-07-06,30.9000,23.3000,1.3000,16.4300,8.5000,84,,,,,,,,0.5396,65.3000,27.1000,26.3643
2024-07-07,31.9000,24.6000,4.1000,17.0600,16.4000,84,,,,,,,,0.5432,59.1000,28.2500,26.5929
2024-07-08,29.7000,24.3000,33.8000,13.0800,17.6000,86,,,,,,,,0.5467,46.6000,27.0000,26.7000
2024-07-09,26.8000,23.8000,44.9000,3.8800,12.6000,92,,,,,,,,0.5502,91.3000,25.3000,26.4500
2024-07-10,28.2000,23.9000,15.1000,5.7000,10.7000,87,,,,,,,,0.5537,104.4000,26.0500,26.5214
2024-07-11,31.6000,21.9000,0.3000,20.9200,10.1000,80,,,,,,,,0.5573,102.0000,26.7500,26.7429
2024-07-12,31.7000,24.0000,2.1000,20.9800,10.3000,83,,,,,,,,0.5608,101.6000,27.8500,26.9000
2024-07-13,28.7000,24.1000,10.6000,13.0100,14.1000,88,,,,,,,,0.5643,110.9000,26.4000,26.8000
2024-07-14,28.6000,23.7000,1.2000,12.9900,20.0000,83,,,,,,,,0.5678,108.0000,26.1500,26.5000
2024-07-15,30.6000,23.1000,1.0000,16.7000,14.6000,84,,,,,,,,0.5714,75.2000,26.8500,26.4786
2024-07-16,30.5000,24.1000,23.9000,14.9300,12.4000,91,,,,,,,,0.5749,54.2000,27.3000,26.7643
2024-07-17,28.7000,24.2000,48.8000,11.3300,17.4000,91,,,,,,,,0.5784,87.9000,26.4500,26.8214
2024-07-18,31.5000,23.3000,0.6000,19.7000,9.8000,83,,,,,,,,0.5819,88.2000,27.4000,26.9143
2024-07-19,30.7000,23.6000,4.4000,15.0400,10.8000,88,0.5855,0.3242,0.8242,6.0000,0.0045,2024-07-11,2024-07-26,0.5855,90.5000,27.1500,26.8143
2024-07-20,30.6000,24.5000,29.6000,15.1800,14.0000,89,,,,,,,,0.5895,109.5000,27.5500,26.9786
2024-07-21,29.9000,24.5000,17.2000,13.7300,9.9000,91,,,,,,,,0.5935,125.5000,27.2000,27.1286
2024-07-22,31.4000,23.6000,8.3000,15.5400,12.2000,88,,,,,,,,0.5975,132.8000,27.5000,27.2214
2024-07-23,30.9000,24.1000,19.4000,15.6500,13.0000,91,,,,,,,,0.6015,128.3000,27.5000,27.2500
2024-07-24,27.7000,24.3000,59.7000,4.8500,13.7000,92,,,,,,,,0.6054,139.2000,26.0000,27.1857
2024-07-25,31.3000,24.5000,0.0000,15.3300,10.6000,80,,,,,,,,0.6094,138.6000,27.9000,27.2571
2024-07-26,33.1000,22.8000,20.7000,20.1500,12.2000,78,,,,,,,,0.6134,154.9000,27.9500,27.3714
2024-07-27,30.9000,24.8000,11.3000,9.0500,14.3000,80,,,,,,,,0.6174,136.6000,27.8500,27.4143
2024-07-28,27.6000,23.4000,7.1000,8.0600,7.4000,83,,,,,,,,0.6214,126.5000,25.5000,27.1714
2024-07-29,29.7000,22.1000,0.0000,9.7300,13.0000,83,,,,,,,,0.6254,118.2000,25.9000,26.9429
2024-07-30,30.2000,23.1000,0.0000,15.8000,12.6000,80,,,,,,,,0.6294,98.8000,26.6500,26.8214
2024-07-31,31.9000,22.6000,0.0000,22.0100,7.7000,83,,,,,,,,0.6334,39.1000,27.2500,27.0000
2024-08-01,32.9000,23.9000,0.0000,21.9200,10.0000,80,,,,,,,,0.6374,39.1000,28.4000,27.0714
2024-08-02,32.6000,24.5000,2.9000,19.5800,15.1000,82,,,,,,,,0.6414,21.3000,28.5500,27.1571
2024-08-03,30.3000,23.8000,35.5000,15.8500,15.0000,88,,,,,,,,0.6454,45.5000,27.0500,27.0429
2024-08-04,30.9000,23.9000,4.8000,17.4200,10.0000,85,0.6494,0.3009,0.8711,7.0000,0.0000,2024-07-27,2024-08-11,0.6494,43.2000,27.4000,27.3143
2024-08-05,32.2000,22.8000,0.1000,20.3100,6.9000,83,,,,,,,,0.6482,43.3000,27.5000,27.5429
2024-08-06,32.0000,24.5000,6.4000,19.8100,13.7000,84,,,,,,,,0.6470,49.7000,28.2500,27.7714
2024-08-07,32.0000,24.0000,12.3000,15.2900,14.2000,87,,,,,,,,0.6459,62.0000,28.0000,27.8786
2024-08-08,32.5000,24.3000,2.6000,17.9600,11.7000,85,,,,,,,,0.6447,64.6000,28.4000,27.8786
2024-08-09,29.4000,23.6000,23.1000,9.4300,20.9000,87,,,,,,,,0.6435,84.8000,26.5000,27.5857
2024-08-10,30.4000,22.8000,10.1000,13.0400,17.7000,80,,,,,,,,0.6424,59.4000,26.6000,27.5214
2024-08-11,33.0000,22.5000,0.0000,22.2000,8.7000,78,,,,,,,,0.6412,54.6000,27.7500,27.5714
2024-08-12,33.2000,21.4000,0.0000,22.2800,8.3000,78,,,,,,,,0.6400,54.5000,27.3000,27.5429
2024-08-13,34.0000,23.2000,0.0000,22.2600,8.1000,75,,,,,,,,0.6388,48.1000,28.6000,27.5929
2024-08-14,33.9000,22.9000,0.0000,20.5100,9.7000,70,,,,,,,,0.6377,35.8000,28.4000,27.6500
2024-08-15,30.1000,23.2000,0.3000,13.6700,17.3000,75,,,,,,,,0.6365,33.5000,26.6500,27.4000
2024-08-16,30.5000,23.4000,0.0000,12.7500,8.3000,74,,,,,,,,0.6353,10.4000,26.9500,27.4643
2024-08-17,32.0000,23.0000,4.0000,17.2700,9.3000,75,,,,,,,,0.6341,4.3000,27.5000,27.5929
2024-08-18,31.7000,22.9000,0.1000,19.4100,9.8000,79,,,,,,,,0.6330,4.4000,27.3000,27.5286
2024-08-19,33.4000,22.6000,0.0000,21.0500,9.6000,76,,,,,,,,0.6318,4.4000,28.0000,27.6286
2024-08-20,33.7000,23.9000,0.6000,18.4900,12.3000,72,0.6306,0.2851,0.8398,6.0000,0.0000,2024-08-12,2024-08-27,0.6306,5.0000,28.8000,27.6571
2024-08-21,35.1000,24.5000,0.8000,20.0400,9.2000,69,,,,,,,,0.6280,5.8000,29.8000,27.8571
2024-08-22,36.7000,26.5000,0.1000,19.6200,14.4000,63,,,,,,,,0.6254,5.6000,31.6000,28.5643
2024-08-23,37.5000,24.3000,7.6000,19.1000,17.7000,71,,,,,,,,0.6228,13.2000,30.9000,29.1286
2024-08-24,37.7000,24.8000,0.0000,20.1100,15.6000,70,,,,,,,,0.6202,9.2000,31.2500,29.6643
2024-08-25,37.2000,25.1000,0.0000,20.1800,15.9000,65,,,,,,,,0.6176,9.1000,31.1500,30.2143
2024-08-26,37.2000,25.6000,0.4000,19.7700,15.0000,61,,,,,,,,0.6150,9.5000,31.4000,30.7000
2024-08-27,37.2000,26.5000,0.0000,18.8700,14.1000,59,,,,,,,,0.6124,8.9000,31.8500,31.1357
2024-08-28,37.1000,27.7000,0.2000,19.3000,18.8000,56,,,,,,,,0.6098,8.3000,32.4000,31.5071
2024-08-29,37.0000,27.8000,2.9000,17.6400,16.6000,61,,,,,,,,0.6072,11.1000,32.4000,31.6214
2024-08-30,34.2000,25.7000,3.9000,16.4400,13.8000,74,,,,,,,,0.6046,7.4000,29.9500,31.4857
2024-08-31,31.9000,24.6000,12.9000,15.7800,12.8000,81,,,,,,,,0.6020,20.3000,28.2500,31.0571
2024-09-01,33.3000,24.0000,17.5000,19.4500,12.3000,78,,,,,,,,0.5994,37.8000,28.6500,30.7000
2024-09-02,34.5000,24.4000,7.4000,18.7200,13.2000,76,,,,,,,,0.5968,44.8000,29.4500,30.4214
2024-09-03,32.9000,23.7000,8.7000,16.8300,12.3000,84,,,,,,,,0.5942,53.5000,28.3000,29.9143
2024-09-04,33.2000,24.1000,8.3000,18.4000,18.2000,81,,,,,,,,0.5916,61.6000,28.6500,29.3786
2024-09-05,32.5000,22.8000,7.1000,18.9000,16.6000,73,0.5890,0.2305,0.8241,7.0000,0.0000,2024-08-28,2024-09-12,0.5890,65.8000,27.6500,28.7000
2024-09-06,30.7000,24.0000,21.1000,14.4800,14.8000,79,,,,,,,,0.5824,83.0000,27.3500,28.3286
2024-09-07,31.0000,22.8000,4.9000,15.1300,10.0000,82,,,,,,,,0.5758,75.0000,26.9000,28.1357
2024-09-08,32.1000,22.7000,1.1000,17.8500,12.3000,80,,,,,,,,0.5693,58.6000,27.4000,27.9571
2024-09-09,30.4000,23.1000,47.8000,15.3500,20.0000,84,,,,,,,,0.5627,99.0000,26.7500,27.5714
2024-09-10,30.4000,23.2000,15.2000,15.8100,18.0000,82,,,,,,,,0.5561,105.5000,26.8000,27.3571
2024-09-11,28.4000,21.9000,16.0000,14.0300,13.5000,86,,,,,,,,0.5496,113.2000,25.1500,26.8571
2024-09-12,29.9000,22.4000,15.4000,13.5800,12.8000,84,,,,,,,,0.5430,121.5000,26.1500,26.6429
2024-09-13,28.8000,23.0000,16.5000,13.8300,14.3000,85,,,,,,,,0.5365,116.9000,25.9000,26.4357
2024-09-14,30.2000,22.2000,26.0000,13.7500,14.5000,85,,,,,,,,0.5299,138.0000,26.2000,26.3357
2024-09-15,27.5000,22.7000,35.4000,8.4400,14.3000,90,,,,,,,,0.5233,172.3000,25.1000,26.0071
2024-09-16,30.2000,22.5000,8.4000,15.4700,14.3000,84,,,,,,,,0.5168,132.9000,26.3500,25.9500
2024-09-17,31.5000,21.6000,0.3000,18.1400,7.4000,80,,,,,,,,0.5102,118.0000,26.5500,25.9143
2024-09-18,32.2000,22.3000,0.0000,18.4400,7.8000,78,,,,,,,,0.5036,102.0000,27.2500,26.2143
2024-09-19,32.4000,23.9000,0.0000,17.8500,12.3000,76,,,,,,,,0.4971,86.6000,28.1500,26.5000
2024-09-20,32.4000,23.3000,4.3000,17.3600,17.2000,79,,,,,,,,0.4905,74.4000,27.8500,26.7786
2024-09-21,31.1000,21.9000,0.0000,18.1600,12.3000,67,0.4840,0.2461,0.7460,6.0000,0.0000,2024-09-13,2024-09-28,0.4840,48.4000,26.5000,26.8214
2024-09-22,29.9000,21.6000,0.0000,17.7400,13.0000,57,,,,,,,,0.4838,13.0000,25.7500,26.9143
2024-09-23,28.1000,22.0000,2.4000,13.7800,10.1000,72,,,,,,,,0.4837,7.0000,25.0500,26.7286
2024-09-24,27.3000,21.4000,0.0000,8.3200,7.0000,80,,,,,,,,0.4835,6.7000,24.3500,26.4143
2024-09-25,29.5000,20.2000,0.1000,15.7900,6.8000,80,,,,,,,,0.4834,6.8000,24.8500,26.0714
2024-09-26,30.8000,21.4000,0.0000,16.9000,8.5000,79,,,,,,,,0.4833,6.8000,26.1000,25.7786
2024-09-27,30.9000,21.7000,0.7000,15.3500,11.7000,76,,,,,,,,0.4831,3.2000,26.3000,25.5571
2024-09-28,28.2000,23.6000,6.3000,8.9700,13.9000,83,,,,,,,,0.4830,9.5000,25.9000,25.4714
2024-09-29,26.4000,18.8000,12.3000,5.7000,30.6000,85,,,,,,,,0.4829,21.8000,22.6000,25.0214
2024-09-30,20.0000,16.9000,0.2000,8.4300,12.1000,79,,,,,,,,0.4827,19.6000,18.4500,24.0786
2024-10-01,22.3000,17.9000,0.0000,12.8000,10.2000,59,,,,,,,,0.4826,19.6000,20.1000,23.4714
2024-10-02,21.2000,16.3000,0.0000,9.6700,10.0000,70,,,,,,,,0.4825,19.5000,18.7500,22.6000
2024-10-03,19.8000,15.4000,6.8000,10.3100,8.0000,81,,,,,,,,0.4823,26.3000,17.6000,21.3857
2024-10-04,19.5000,15.9000,5.2000,6.3000,9.2000,83,,,,,,,,0.4822,30.8000,17.7000,20.1571
2024-10-05,20.2000,15.1000,5.7000,8.1200,7.9000,84,,,,,,,,0.4821,30.2000,17.6500,18.9786
2024-10-06,21.5000,15.7000,1.4000,8.2000,5.5000,83,,,,,,,,0.4819,19.3000,18.6000,18.4071
2024-10-07,23.2000,14.7000,0.4000,15.6600,8.0000,83,,,,6.0000,0.9963,2024-09-29,2024-10-14,0.4818,19.5000,18.9500,18.4786
2024-10-08,21.8000,15.0000,0.8000,10.2900,9.0000,83,,,,,,,,0.4816,20.3000,18.4000,18.2357
2024-10-09,20.5000,14.9000,1.2000,6.2600,8.9000,87,,,,,,,,0.4815,21.5000,17.7000,18.0857
2024-10-10,22.9000,17.0000,0.6000,10.9000,9.0000,80,,,,,,,,0.4814,15.3000,19.9500,18.4214
2024-10-11,19.8000,16.7000,1.8000,4.9000,8.4000,84,,,,,,,,0.4812,11.9000,18.2500,18.5000
2024-10-12,22.0000,15.4000,1.1000,10.5100,9.4000,84,,,,,,,,0.4811,7.3000,18.7000,18.6500
2024-10-13,22.4000,16.1000,1.4000,8.2900,5.4000,85,,,,,,,,0.4810,7.3000,19.2500,18.7429
2024-10-14,23.4000,15.9000,0.0000,10.2000,9.0000,85,,,,,,,,0.4808,6.9000,19.6500,18.8429
2024-10-15,24.9000,17.4000,0.4000,12.5500,9.6000,84,,,,,,,,0.4807,6.5000,21.1500,19.2357
2024-10-16,21.8000,15.4000,4.1000,5.1200,12.9000,87,,,,,,,,0.4806,9.4000,18.6000,19.3643
2024-10-17,23.4000,15.0000,6.5000,11.4200,8.0000,82,,,,,,,,0.4804,15.3000,19.2000,19.2571
2024-10-18,22.7000,17.5000,7.8000,5.6600,7.9000,90,,,,,,,,0.4803,21.3000,20.1000,19.5214
2024-10-19,20.4000,18.0000,8.0000,3.5100,12.1000,87,,,,,,,,0.4802,28.2000,19.2000,19.5929
2024-10-20,21.4000,17.7000,1.1000,6.1100,16.7000,87,,,,,,,,0.4800,27.9000,19.5500,19.6357
2024-10-21,21.2000,13.8000,1.5000,6.2700,19.4000,85,,,,,,,,0.4799,29.4000,17.5000,19.3286
2024-10-22,22.0000,14.7000,0.0000,13.3200,10.2000,70,,,,,,,,0.4797,29.0000,18.3500,18.9286
2024-10-23,23.0000,11.7000,0.0000,13.9300,8.1000,77,0.4796,0.2071,0.7773,8.0000,0.0000,2024-10-15,2024-10-30,0.4796,24.9000,17.3500,18.7500
2024-10-24,20.5000,15.5000,3.2000,5.2800,8.2000,87,,,,,,,,0.4788,21.6000,18.0000,18.5786
2024-10-25,22.8000,17.1000,1.0000,8.1900,11.7000,83,,,,,,,,0.4781,14.8000,19.9500,18.5571
2024-10-26,19.0000,15.4000,1.2000,3.5000,12.4000,79,,,,,,,,0.4773,8.0000,17.2000,18.2714
2024-10-27,21.8000,11.3000,0.0000,14.2500,9.7000,78,,,,,,,,0.4766,6.9000,16.5500,17.8429
2024-10-28,22.3000,11.5000,0.2000,13.5500,8.3000,75,,,,,,,,0.4758,5.6000,16.9000,17.7571
2024-10-29,20.0000,14.0000,0.8000,4.8400,11.7000,81,,,,,,,,0.4751,6.4000,17.0000,17.5643
2024-10-30,20.7000,15.2000,0.5000,8.5800,10.9000,82,,,,,,,,0.4743,6.9000,17.9500,17.6500
2024-10-31,21.1000,16.1000,0.0000,6.2800,11.1000,78,,,,,,,,0.4735,3.7000,18.6000,17.7357
2024-11-01,22.7000,15.7000,0.2000,13.1300,10.1000,75,,,,,,,,0.4728,2.9000,19.2000,17.6286
2024-11-02,22.1000,12.6000,0.0000,11.1700,8.6000,78,,,,,,,,0.4720,1.7000,17.3500,17.6500
2024-11-03,18.7000,16.5000,1.4000,3.4800,8.6000,86,,,,,,,,0.4713,3.1000,17.6000,17.8000
2024-11-04,20.5000,14.6000,1.3000,7.6800,9.4000,77,,,,,,,,0.4705,4.2000,17.5500,17.8929
2024-11-05,20.4000,10.8000,0.1000,11.6500,8.4000,81,,,,,,,,0.4697,3.5000,15.6000,17.6929
2024-11-06,19.4000,14.3000,0.0000,6.0900,7.9000,85,,,,,,,,0.4690,3.0000,16.8500,17.5357
2024-11-07,19.0000,12.9000,0.0000,6.1100,6.3000,86,,,,,,,,0.4682,3.0000,15.9500,17.1571
2024-11-08,19.6000,13.2000,0.0000,6.1100,6.5000,87,,,,6.0000,0.9984,2024-10-31,2024-11-15,0.4675,2.8000,16.4000,16.7571
2024-11-09,18.9000,12.7000,5.2000,5.9300,12.4000,91,,,,,,,,0.4667,8.0000,15.8000,16.5357
2024-11-10,17.5000,14.6000,3.3000,3.4500,11.6000,87,,,,,,,,0.4659,9.9000,16.0500,16.3143
2024-11-11,18.1000,13.8000,1.6000,3.6400,8.0000,88,,,,,,,,0.4652,10.2000,15.9500,16.0857
2024-11-12,20.4000,14.5000,0.0000,7.8300,10.0000,84,,,,,,,,0.4644,10.1000,17.4500,16.3500
2024-11-13,20.3000,14.8000,0.0000,6.3500,8.6000,86,,,,,,,,0.4637,10.1000,17.5500,16.4500
2024-11-14,20.9000,12.2000,0.2000,8.2200,7.1000,87,,,,,,,,0.4629,10.3000,16.5500,16.5357
2024-11-15,19.2000,15.1000,2.7000,2.8800,11.5000,92,,,,,,,,0.4621,13.0000,17.1500,16.6429
2024-11-16,17.9000,13.9000,0.5000,3.0600,8.9000,76,,,,,,,,0.4614,8.3000,15.9000,16.6571
2024-11-17,14.5000,10.6000,0.4000,3.5400,13.2000,71,,,,,,,,0.4606,5.4000,12.5500,16.1571
2024-11-18,14.4000,9.5000,0.1000,6.8700,11.1000,70,,,,,,,,0.4599,3.9000,11.9500,15.5857
2024-11-19,13.4000,9.6000,0.1000,6.1800,11.1000,71,,,,,,,,0.4591,4.0000,11.5000,14.7357
2024-11-20,16.4000,8.5000,0.1000,11.1800,6.4000,76,,,,,,,,0.4584,4.1000,12.4500,14.0071
2024-11-21,17.3000,10.5000,0.0000,9.7300,6.0000,76,,,,,,,,0.4576,3.9000,13.9000,13.6286
2024-11-22,16.9000,7.9000,0.0000,8.6800,8.6000,83,,,,,,,,0.4568,1.2000,12.4000,12.9500
2024-11-23,15.2000,11.3000,2.0000,4.1400,10.5000,85,,,,,,,,0.4561,2.7000,13.2500,12.5714
2024-11-24,12.4000,10.3000,5.5000,2.2200,15.6000,92,0.4553,0.2226,0.6758,7.0000,0.0000,2024-11-16,2024-12-01,0.4553,7.8000,11.3500,12.4000
2024-11-25,11.5000,7.1000,0.6000,4.1000,12.7000,65,,,,,,,,0.4585,8.3000,9.3000,12.0214
2024-11-26,11.4000,6.9000,0.3000,6.4300,11.1000,69,,,,,,,,0.4617,8.5000,9.1500,11.6857
2024-11-27,14.1000,6.8000,0.0000,9.4800,7.7000,72,,,,,,,,0.4649,8.4000,10.4500,11.4000
2024-11-28,14.2000,5.7000,0.0000,10.2700,6.8000,79,,,,,,,,0.4681,8.4000,9.9500,10.8357
2024-11-29,14.4000,3.3000,0.0000,10.8600,6.5000,81,,,,,,,,0.4713,8.4000,8.8500,10.3286
2024-11-30,16.0000,4.0000,0.0000,11.4200,5.6000,80,,,,,,,,0.4745,6.4000,10.0000,9.8643
2024-12-01,16.6000,5.5000,0.0000,10.9500,8.5000,78,,,,,,,,0.4777,0.9000,11.0500,9.8214
2024-12-02,15.8000,5.1000,0.0000,9.0000,12.6000,82,,,,,,,,0.4809,0.3000,10.4500,9.9857
2024-12-03,16.9000,9.5000,0.0000,7.7600,9.3000,78,,,,,,,,0.4841,0.0000,13.2000,10.5643
2024-12-04,13.9000,10.0000,0.0000,3.8300,9.4000,79,,,,,,,,0.4873,0.0000,11.9500,10.7786
2024-12-05,13.4000,8.9000,0.0000,5.8600,9.5000,65,,,,,,,,0.4905,0.0000,11.1500,10.9500
2024-12-06,13.6000,8.4000,0.0000,7.1300,11.7000,70,,,,,,,,0.4937,0.0000,11.0000,11.2571
2024-12-07,11.2000,7.8000,0.3000,4.2500,15.6000,70,,,,,,,,0.4969,0.3000,9.5000,11.1857
2024-12-08,9.0000,6.2000,2.4000,3.4600,13.4000,82,,,,,,,,0.5001,2.7000,7.6000,10.6929
2024-12-09,8.4000,5.4000,2.5000,3.7200,16.8000,85,,,,,,,,0.5033,5.2000,6.9000,10.1857
2024-12-10,9.4000,4.9000,0.1000,4.8600,10.5000,75,0.5065,0.2227,0.7226,8.0000,0.0000,2024-12-02,2024-12-17,0.5065,5.3000,7.1500,9.3214
2024-12-11,12.0000,1.1000,0.0000,11.0100,9.0000,71,,,,,,,,0.5060,5.3000,6.5500,8.5500
2024-12-12,9.0000,5.9000,0.3000,3.3700,12.4000,76,,,,,,,,0.5056,5.6000,7.4500,8.0214
2024-12-13,6.5000,4.3000,0.1000,2.7400,10.6000,61,,,,,,,,0.5051,5.7000,5.4000,7.2214
2024-12-14,10.2000,2.1000,0.0000,10.9900,8.9000,55,,,,,,,,0.5046,5.4000,6.1500,6.7429
2024-12-15,10.9000,0.2000,0.0000,10.9800,11.1000,67,,,,,,,,0.5042,3.0000,5.5500,6.4500
2024-12-16,11.6000,0.4000,0.0000,10.9700,7.1000,76,,,,,,,,0.5037,0.5000,6.0000,6.3214
2024-12-17,11.9000,1.6000,0.0000,10.3800,6.9000,84,,,,,,,,0.5033,0.4000,6.7500,6.2643
2024-12-18,10.8000,-0.3000,0.7000,8.5700,9.8000,87,,,,,,,,0.5028,1.1000,5.2500,6.0786
2024-12-19,10.5000,3.5000,0.0000,6.2500,9.8000,85,,,,,,,,0.5024,0.8000,7.0000,6.0143
2024-12-20,10.7000,5.7000,0.2000,6.5900,10.9000,82,,,,,,,,0.5019,0.9000,8.2000,6.4143
2024-12-21,9.1000,4.6000,2.3000,3.8300,6.5000,89,,,,,,,,0.5014,3.2000,6.8500,6.5143
2024-12-22,7.8000,5.1000,2.8000,2.8400,10.8000,87,,,,,,,,0.5010,6.0000,6.4500,6.6429
2024-12-23,8.3000,5.0000,0.6000,2.4500,13.0000,87,,,,,,,,0.5005,6.6000,6.6500,6.7357
2024-12-24,10.2000,4.2000,0.8000,8.5400,12.8000,77,,,,,,,,0.5001,7.4000,7.2000,6.8000
2024-12-25,9.2000,4.4000,0.0000,4.7200,8.3000,73,,,,,,,,0.4996,6.7000,6.8000,7.0214
2024-12-26,12.3000,2.6000,0.0000,10.6400,6.5000,79,0.4992,0.1993,0.7305,6.0000,0.0000,2024-12-18,2025-01-02,0.4992,6.7000,7.4500,7.0857
2024-12-27,8.7000,4.1000,1.1000,3.1700,14.7000,77,,,,,,,,0.4980,7.6000,6.4000,6.8286
2024-12-28,10.7000,4.5000,0.0000,8.0000,8.1000,64,,,,,,,,0.4968,5.3000,7.6000,6.9357
2024-12-29,7.1000,5.1000,0.0000,2.3900,13.9000,68,,,,,,,,0.4957,2.5000,6.1000,6.8857
2024-12-30,13.9000,4.5000,0.0000,11.1500,6.8000,65,,,,,,,,0.4945,1.9000,9.2000,7.2500
2024-12-31,13.7000,3.6000,0.0000,11.0100,5.6000,68,,,,,,,,0.4934,1.1000,8.6500,7.4571
2025-01-01,12.5000,0.8000,0.0000,9.6300,8.4000,79,,,,,,,,0.4922,1.1000,6.6500,7.4357
2025-01-02,15.0000,1.8000,0.0000,9.7300,8.3000,73,,,,,,,,0.4911,1.1000,8.4000,7.5714
2025-01-03,14.1000,1.1000,0.0000,10.8700,15.5000,76,,,,,,,,0.4899,0.0000,7.6000,7.7429
2025-01-04,14.2000,4.5000,0.1000,8.3000,11.9000,74,,,,,,,,0.4888,0.1000,9.3500,7.9929
2025-01-05,12.4000,0.4000,0.0000,10.9500,12.7000,79,,,,,,,,0.4876,0.1000,6.4000,8.0357
2025-01-06,12.9000,1.2000,0.0000,9.6900,10.1000,79,,,,,,,,0.4865,0.1000,7.0500,7.7286
2025-01-07,8.1000,6.1000,1.0000,2.2700,12.1000,78,,,,,,,,0.4853,1.1000,7.1000,7.5071
2025-01-08,11.2000,5.0000,0.3000,7.6000,8.3000,71,,,,,,,,0.4841,1.4000,8.1000,7.7143
2025-01-09,11.6000,0.8000,0.1000,9.1900,7.6000,79,,,,,,,,0.4830,1.5000,6.2000,7.4000
2025-01-10,8.7000,5.3000,3.9000,3.4200,11.7000,89,,,,,,,,0.4818,5.4000,7.0000,7.3143
2025-01-11,11.5000,3.1000,0.7000,11.4300,13.1000,71,0.4807,0.1914,0.7382,6.0000,0.0000,2025-01-03,2025-01-18,0.4807,6.0000,7.3000,7.0214
2025-01-12,9.8000,0.2000,0.0000,6.9800,9.6000,79,,,,,,,,0.4815,6.0000,5.0000,6.8214
2025-01-13,12.5000,2.8000,1.3000,8.9600,8.5000,81,,,,,,,,0.4823,7.3000,7.6500,6.9071
2025-01-14,13.1000,6.0000,1.2000,7.7400,9.6000,81,,,,,,,,0.4830,7.5000,9.5500,7.2571
2025-01-15,11.1000,4.5000,1.9000,6.0800,12.6000,88,,,,,,,,0.4838,9.1000,7.8000,7.2143
2025-01-16,11.8000,4.8000,0.3000,8.6400,12.8000,81,,,,,,,,0.4846,9.3000,8.3000,7.5143
2025-01-17,10.4000,5.7000,0.2000,3.6900,14.8000,84,,,,,,,,0.4854,5.6000,8.0500,7.6643
2025-01-18,13.9000,3.0000,0.0000,11.7100,14.1000,77,,,,,,,,0.4862,4.9000,8.4500,7.8286
2025-01-19,14.0000,2.7000,0.0000,10.3600,8.1000,82,,,,,,,,0.4870,4.9000,8.3500,8.3071
2025-01-20,15.1000,3.6000,0.0000,11.8700,7.7000,85,,,,,,,,0.4878,3.6000,9.3500,8.5500
2025-01-21,14.9000,4.7000,0.0000,9.1500,7.8000,85,,,,,,,,0.4886,2.4000,9.8000,8.5857
2025-01-22,14.7000,5.4000,0.0000,7.4500,11.4000,83,,,,,,,,0.4894,0.5000,10.0500,8.9071
2025-01-23,13.7000,6.2000,0.0000,5.7000,11.4000,88,,,,,,,,0.4901,0.2000,9.9500,9.1429
2025-01-24,12.3000,8.4000,2.8000,2.7500,13.1000,88,,,,,,,,0.4909,2.8000,10.3500,9.4714
2025-01-25,9.7000,6.9000,3.4000,4.4700,14.2000,77,,,,,,,,0.4917,6.2000,8.3000,9.4500
2025-01-26,10.0000,2.2000,2.3000,9.9700,10.0000,66,,,,,,,,0.4925,8.5000,6.1000,9.1286
2025-01-27,6.8000,-1.2000,0.0000,3.9600,12.1000,72,0.4933,0.2070,0.7383,6.0000,0.0000,2025-01-19,2025-02-03,0.4933,8.5000,2.8000,8.1929
2025-01-28,10.8000,-3.0000,0.0000,11.8200,9.2000,77,,,,,,,,0.4998,8.5000,3.9000,7.3500
2025-01-29,12.4000,-1.7000,0.0000,11.2400,8.2000,77,,,,,,,,0.5063,8.5000,5.3500,6.6786
2025-01-30,10.0000,5.5000,0.2000,3.7500,8.5000,76,,,,,,,,0.5128,8.7000,7.7500,6.3643
2025-01-31,11.2000,5.8000,1.0000,5.5900,9.4000,81,,,,,,,,0.5193,6.9000,8.5000,6.1000
2025-02-01,11.1000,5.6000,0.0000,7.8700,13.3000,80,,,,,,,,0.5258,3.5000,8.3500,6.1071
2025-02-02,11.8000,5.4000,0.0000,5.7100,11.1000,75,,,,,,,,0.5323,1.2000,8.6000,6.4643
2025-02-03,12.6000,5.8000,0.0000,13.1700,13.0000,61,,,,,,,,0.5388,1.2000,9.2000,7.3786
2025-02-04,12.4000,2.1000,1.2000,8.8000,13.2000,73,,,,,,,,0.5453,2.4000,7.2500,7.8571
2025-02-05,9.4000,5.5000,1.3000,4.0300,13.6000,81,,,,,,,,0.5518,3.7000,7.4500,8.1571
2025-02-06,8.6000,5.0000,0.5000,4.5900,15.1000,74,,,,,,,,0.5582,4.0000,6.8000,8.0214
2025-02-07,8.2000,4.8000,1.2000,2.8700,14.3000,74,,,,,,,,0.5647,4.2000,6.5000,7.7357
2025-02-08,8.5000,3.1000,4.5000,4.7500,15.5000,86,,,,,,,,0.5712,8.7000,5.8000,7.3714
2025-02-09,7.8000,4.3000,1.3000,4.2800,8.7000,88,,,,,,,,0.5777,10.0000,6.0500,7.0071
2025-02-10,10.8000,2.6000,0.8000,8.2300,6.3000,86,,,,,,,,0.5842,10.8000,6.7000,6.6500
2025-02-11,10.7000,4.8000,0.4000,5.7300,12.3000,80,,,,,,,,0.5907,10.0000,7.7500,6.7214
2025-02-12,9.4000,5.2000,1.7000,6.7400,14.0000,73,0.5972,0.2538,0.8164,7.0000,0.5271,2025-02-04,2025-02-19,0.5972,10.4000,7.3000,6.7000
2025-02-13,11.0000,4.1000,0.0000,9.3400,11.4000,67,,,,,,,,0.5971,9.9000,7.5500,6.8071
2025-02-14,11.4000,3.7000,0.5000,9.9700,8.2000,78,,,,,,,,0.5970,9.2000,7.5500,6.9571
2025-02-15,13.9000,2.5000,1.3000,12.5400,9.9000,78,,,,,,,,0.5969,6.0000,8.2000,7.3000
2025-02-16,12.9000,6.4000,0.4000,7.1800,10.1000,84,,,,,,,,0.5967,5.1000,9.6500,7.8143
2025-02-17,14.4000,7.0000,0.3000,10.5100,8.8000,81,,,,,,,,0.5966,4.6000,10.7000,8.3857
2025-02-18,11.8000,7.9000,6.8000,4.6700,7.9000,89,,,,,,,,0.5965,11.0000,9.8500,8.6857
2025-02-19,9.9000,7.5000,5.7000,2.5800,8.2000,93,,,,,,,,0.5964,15.0000,8.7000,8.8857
2025-02-20,12.1000,7.1000,2.0000,5.6600,10.5000,87,,,,,,,,0.5963,17.0000,9.6000,9.1786
2025-02-21,9.7000,6.8000,3.7000,2.6800,11.5000,92,,,,,,,,0.5961,20.2000,8.2500,9.2786
2025-02-22,8.8000,7.3000,6.3000,2.1800,14.4000,93,,,,,,,,0.5960,25.2000,8.0500,9.2571
2025-02-23,9.1000,6.1000,2.0000,4.0400,11.7000,88,,,,,,,,0.5959,26.8000,7.6000,8.9643
2025-02-24,9.3000,4.9000,0.9000,5.7000,14.6000,86,,,,,,,,0.5958,27.4000,7.1000,8.4500
2025-02-25,13.7000,3.0000,0.3000,13.9300,10.1000,79,,,,,,,,0.5957,20.9000,8.3500,8.2357
2025-02-26,14.4000,4.2000,0.0000,12.1400,9.7000,80,,,,,,,,0.5956,15.2000,9.3000,8.3214
2025-02-27,14.1000,7.4000,0.0000,8.1100,8.6000,81,,,,,,,,0.5954,13.2000,10.7500,8.4857
2025-02-28,17.9000,3.1000,0.0000,16.2600,7.9000,82,,,,,,,,0.5953,9.5000,10.5000,8.8071
2025-03-01,16.0000,6.9000,1.4000,9.1700,10.6000,82,,,,,,,,0.5952,4.6000,11.4500,9.2929
2025-03-02,18.4000,9.1000,3.2000,8.2300,11.9000,81,,,,,,,,0.5951,5.8000,13.7500,10.1714
2025-03-03,17.5000,9.5000,3.0000,12.1300,11.9000,78,,,,,,,,0.5950,7.9000,13.5000,11.0857
2025-03-04,13.9000,9.0000,4.0000,7.2600,10.0000,83,,,,,,,,0.5948,11.6000,11.4500,11.5286
2025-03-05,11.1000,8.9000,16.4000,2.1200,14.3000,93,,,,,,,,0.5947,28.0000,10.0000,11.6286
2025-03-06,10.1000,7.6000,5.9000,3.8200,12.9000,88,,,,,,,,0.5946,33.9000,8.8500,11.3571
2025-03-07,11.4000,3.6000,2.2000,6.3600,6.9000,88,,,,,,,,0.5945,36.1000,7.5000,10.9286
2025-03-08,12.5000,5.0000,0.5000,9.0200,9.1000,85,,,,,,,,0.5944,35.2000,8.7500,10.5429
2025-03-09,14.2000,6.8000,0.4000,9.0900,8.3000,82,,,,,,,,0.5942,32.4000,10.5000,10.0786
2025-03-10,15.5000,5.8000,0.4000,8.6900,7.3000,82,,,,,,,,0.5941,29.8000,10.6500,9.6714
2025-03-11,16.2000,9.8000,1.5000,9.5500,10.3000,84,,,,,,,,0.5940,27.3000,13.0000,9.8929
2025-03-12,17.9000,10.3000,0.3000,13.8500,15.7000,70,,,,,,,,0.5939,11.2000,14.1000,10.4786
2025-03-13,16.1000,10.2000,0.3000,9.0100,8.0000,77,,,,,,,,0.5938,5.6000,13.1500,11.0929
2025-03-14,16.1000,10.7000,5.3000,8.1800,11.5000,84,,,,,,,,0.5937,8.7000,13.4000,11.9357
2025-03-15,14.5000,9.8000,3.6000,9.0300,16.6000,71,,,,,,,,0.5935,11.8000,12.1500,12.4214
2025-03-16,10.9000,5.4000,1.1000,3.9100,13.5000,70,,,,7.0000,0.9821,2025-03-08,2025-03-23,0.5934,12.5000,8.1500,12.0857
2025-03-17,8.7000,3.9000,1.9000,4.7400,7.3000,86,,,,,,,,0.5933,14.0000,6.3000,11.4643
2025-03-18,12.1000,5.4000,0.2000,5.9200,6.1000,77,,,,,,,,0.5932,12.7000,8.7500,10.8571
2025-03-19,16.1000,3.7000,0.0000,16.0200,7.3000,76,,,,,,,,0.5931,12.4000,9.9000,10.2571
2025-03-20,16.8000,4.4000,0.3000,12.6500,7.5000,77,,,,,,,,0.5929,12.4000,10.6000,9.8929
2025-03-21,18.9000,3.2000,0.0000,19.3700,7.3000,70,,,,,,,,0.5928,7.1000,11.0500,9.5571
2025-03-22,18.6000,6.9000,0.0000,11.3100,6.6000,73,,,,,,,,0.5927,3.5000,12.7500,9.6429
2025-03-23,22.0000,9.7000,0.3000,16.6200,12.8000,67,,,,,,,,0.5926,2.7000,15.8500,10.7429
2025-03-24,23.4000,6.7000,0.0000,20.3100,9.4000,69,,,,,,,,0.5925,0.8000,15.0500,11.9929
2025-03-25,25.6000,7.6000,0.0000,20.7400,6.8000,72,,,,,,,,0.5923,0.6000,16.6000,13.1143
2025-03-26,29.0000,9.9000,0.0000,20.6300,11.5000,65,,,,,,,,0.5922,0.6000,19.4500,14.4786
2025-03-27,27.3000,14.4000,0.0000,20.4800,22.0000,38,,,,,,,,0.5921,0.3000,20.8500,15.9429
2025-03-28,14.9000,8.9000,0.0000,10.9800,19.5000,30,,,,,,,,0.5920,0.3000,11.9000,16.0643
2025-03-29,12.8000,7.4000,0.0000,12.6100,17.4000,44,,,,,,,,0.5919,0.3000,10.1000,15.6857
2025-03-30,12.9000,5.4000,3.5000,9.2200,10.4000,68,,,,,,,,0.5918,3.5000,9.1500,14.7286
2025-03-31,9.6000,6.5000,2.1000,3.8500,6.5000,85,,,,,,,,0.5916,5.6000,8.0500,13.7286
2025-04-01,16.7000,6.9000,2.2000,10.5900,11.5000,77,0.5915,0.2383,0.8633,7.0000,0.0000,2025-03-24,2025-04-08,0.5915,7.8000,11.8000,13.0429
2025-04-02,19.9000,7.3000,0.7000,20.0400,10.7000,66,,,,,,,,0.5907,8.5000,13.6000,12.2071
2025-04-03,22.3000,10.7000,0.3000,16.0600,9.3000,63,,,,,,,,0.5898,8.8000,16.5000,11.5857
2025-04-04,23.9000,12.2000,2.7000,13.5400,15.1000,76,,,,,,,,0.5890,11.5000,18.0500,12.4643
2025-04-05,19.3000,13.0000,3.0000,5.3600,17.1000,75,,,,,,,,0.5882,14.5000,16.1500,13.3286
2025-04-06,20.9000,12.0000,0.2000,14.6500,10.8000,77,,,,,,,,0.5873,11.2000,16.4500,14.3714
2025-04-07,24.7000,10.1000,0.0000,18.6900,6.9000,72,,,,,,,,0.5865,9.1000,17.4000,15.7071
2025-04-08,27.0000,12.5000,0.0000,20.5000,9.3000,67,,,,,,,,0.5857,6.9000,19.7500,16.8429
2025-04-09,28.9000,15.0000,0.1000,20.0600,9.8000,60,,,,,,,,0.5848,6.3000,21.9500,18.0357
2025-04-10,30.0000,17.3000,0.4000,18.0100,7.7000,61,,,,,,,,0.5840,6.4000,23.6500,19.0571
2025-04-11,25.9000,17.9000,6.7000,7.2200,24.5000,72,,,,,,,,0.5832,10.4000,21.9000,19.6071
2025-04-12,18.0000,12.3000,10.3000,8.4200,19.6000,71,,,,,,,,0.5823,17.7000,15.1500,19.4643
2025-04-13,25.2000,11.3000,0.0000,22.0000,9.7000,64,,,,,,,,0.5815,17.5000,18.2500,19.7214
2025-04-14,25.7000,10.5000,0.0000,14.5900,6.4000,69,,,,,,,,0.5807,17.5000,18.1000,19.8214
2025-04-15,29.1000,15.3000,0.0000,20.8400,8.0000,58,,,,,,,,0.5798,17.5000,22.2000,20.1714
2025-04-16,29.1000,14.6000,0.2000,19.4500,6.7000,58,,,,,,,,0.5790,17.6000,21.8500,20.1571
2025-04-17,32.0000,15.4000,0.0000,21.9800,10.5000,60,0.5782,0.2227,0.8163,7.0000,0.0000,2025-04-09,2025-04-24,0.5782,17.2000,23.7000,20.1643
2025-04-18,33.3000,16.4000,0.9000,19.9800,24.9000,60,,,,,,,,0.5777,11.4000,24.8500,20.5857
2025-04-19,33.8000,18.7000,0.1000,22.1000,13.5000,54,,,,,,,,0.5772,1.2000,26.2500,22.1714
2025-04-20,32.2000,19.8000,0.1000,19.7700,11.4000,62,,,,,,,,0.5767,1.3000,26.0000,23.2786
2025-04-21,29.4000,20.4000,4.1000,13.4000,23.8000,59,,,,,,,,0.5762,5.4000,24.9000,24.2500
2025-04-22,29.2000,16.6000,0.7000,18.2100,16.0000,46,,,,,,,,0.5757,6.1000,22.9000,24.3500
2025-04-23,22.2000,13.6000,1.4000,7.9500,9.3000,69,,,,,,,,0.5752,7.3000,17.9000,23.7857
2025-04-24,25.5000,15.1000,1.9000,15.5900,10.5000,67,,,,,,,,0.5747,9.2000,20.3000,23.3000
2025-04-25,23.4000,15.7000,6.5000,9.8200,9.8000,80,,,,,,,,0.5743,14.8000,19.5500,22.5429
2025-04-26,21.7000,15.3000,2.6000,8.5600,9.3000,84,,,,,,,,0.5738,17.3000,18.5000,21.4357
2025-04-27,27.2000,13.2000,0.0000,18.9700,11.2000,68,,,,,,,,0.5733,17.2000,20.2000,20.6071
2025-04-28,26.6000,18.1000,0.7000,11.5300,9.4000,57,,,,,,,,0.5728,13.8000,22.3500,20.2429
2025-04-29,21.1000,16.3000,5.2000,4.6400,11.8000,73,,,,,,,,0.5723,18.3000,18.7000,19.6429
2025-04-30,27.8000,14.8000,0.0000,20.7500,11.9000,56,,,,,,,,0.5718,16.9000,21.3000,20.1286
2025-05-01,32.4000,14.5000,0.0000,21.9600,12.8000,59,,,,,,,,0.5713,15.0000,23.4500,20.5786
2025-05-02,33.2000,17.0000,0.0000,20.5700,9.9000,55,,,,,,,,0.5708,8.5000,25.1000,21.3714
2025-05-03,33.2000,20.8000,0.0000,13.6100,12.4000,47,0.5703,0.2578,0.8201,9.0000,0.0000,2025-04-25,2025-05-10,0.5703,5.9000,27.0000,22.5857
2025-05-04,30.6000,19.1000,11.9000,17.2100,23.2000,60,,,,,,,,0.5603,17.8000,24.8500,23.2500
2025-05-05,27.4000,14.4000,2.9000,21.4700,16.6000,64,,,,,,,,0.5502,20.0000,20.9000,23.0429
2025-05-06,28.3000,18.1000,0.0000,14.8400,14.3000,66,,,,,,,,0.5402,14.8000,23.2000,23.6857
2025-05-07,26.5000,14.4000,1.2000,16.9100,12.4000,69,,,,,,,,0.5301,16.0000,20.4500,23.5643
2025-05-08,28.6000,16.4000,7.1000,22.1200,12.9000,71,,,,,,,,0.5201,23.1000,22.5000,23.4286
2025-05-09,25.7000,17.9000,2.2000,14.9000,21.9000,53,,,,,,,,0.5100,25.3000,21.8000,22.9571
2025-05-10,26.0000,16.9000,0.0000,17.9400,16.7000,50,,,,,,,,0.5000,25.3000,21.4500,22.1643
2025-05-11,28.7000,12.7000,0.0000,23.9100,11.9000,57,,,,,,,,0.4899,13.4000,20.7000,21.5714
2025-05-12,31.9000,14.9000,0.0000,23.5700,11.9000,48,,,,,,,,0.4799,10.5000,23.4000,21.9286
2025-05-13,33.3000,21.7000,0.0000,22.2500,17.1000,39,,,,,,,,0.4698,10.5000,27.5000,22.5429
2025-05-14,30.5000,22.7000,0.0000,10.4800,14.8000,46,,,,,,,,0.4598,9.3000,26.6000,23.4214
2025-05-15,32.9000,21.4000,0.0000,16.0400,10.1000,43,,,,,,,,0.4497,2.2000,27.1500,24.0857
2025-05-16,26.8000,20.2000,0.4000,7.2800,8.8000,55,,,,,,,,0.4397,0.4000,23.5000,24.3286
2025-05-17,29.4000,19.5000,0.0000,10.8600,8.3000,64,,,,,,,,0.4296,0.4000,24.4500,24.7571
2025-05-18,30.4000,19.3000,0.0000,15.4300,9.4000,63,,,,,,,,0.4196,0.4000,24.8500,25.3500
2025-05-19,34.4000,18.8000,0.0000,22.6200,10.6000,55,0.4095,0.1368,0.7852,8.0000,0.0000,2025-05-11,2025-05-26,0.4095,0.4000,26.6000,25.8071
2025-05-20,36.4000,19.4000,0.0000,22.4200,12.9000,47,,,,,,,,0.4091,0.4000,27.9000,25.8643
2025-05-21,35.2000,23.8000,0.1000,17.4200,16.4000,47,,,,,,,,0.4087,0.5000,29.5000,26.2786
2025-05-22,34.2000,23.7000,0.5000,19.4600,20.9000,56,,,,,,,,0.4083,1.0000,28.9500,26.5357
2025-05-23,28.7000,20.7000,1.0000,6.7300,18.5000,60,,,,,,,,0.4079,1.6000,24.7000,26.7071
2025-05-24,30.3000,19.2000,0.0000,17.4100,18.7000,52,,,,,,,,0.4075,1.6000,24.7500,26.7500
2025-05-25,31.6000,17.8000,0.0000,18.8700,10.2000,50,,,,,,,,0.4071,1.6000,24.7000,26.7286
2025-05-26,28.5000,20.5000,1.4000,13.9400,14.1000,59,,,,,,,,0.4067,3.0000,24.5000,26.4286
2025-05-27,22.3000,19.0000,25.3000,4.7200,20.4000,87,,,,,,,,0.4062,28.3000,20.6500,25.3929
2025-05-28,27.0000,16.9000,0.3000,19.7100,7.3000,76,,,,,,,,0.4058,28.5000,21.9500,24.3143
2025-05-29,28.3000,17.7000,1.4000,18.9900,9.7000,73,,,,,,,,0.4054,29.4000,23.0000,23.4643
2025-05-30,25.4000,19.5000,4.9000,8.0500,18.2000,82,,,,,,,,0.4050,33.3000,22.4500,23.1429
2025-05-31,22.2000,18.7000,2.3000,6.6000,8.0000,86,,,,,,,,0.4046,35.6000,20.4500,22.5286
2025-06-01,23.9000,18.7000,0.7000,7.2600,9.9000,84,,,,,,,,0.4042,36.3000,21.3000,22.0429
2025-06-02,25.7000,19.5000,0.0000,7.2200,9.9000,73,,,,,,,,0.4038,34.9000,22.6000,21.7714
2025-06-03,27.6000,17.8000,0.0000,12.0600,11.5000,70,,,,,,,,0.4034,9.6000,22.7000,22.0643
2025-06-04,29.3000,19.4000,0.1000,20.8200,8.4000,64,0.4029,0.1290,0.7304,8.0000,0.0000,2025-05-27,2025-06-11,0.4029,9.4000,24.3500,22.4071
2025-06-05,30.1000,20.0000,0.0000,18.8000,6.1000,63,,,,,,,,0.4045,8.0000,25.0500,22.7000
2025-06-06,30.9000,22.0000,0.0000,17.4100,8.0000,66,,,,,,,,0.4060,3.1000,26.4500,23.2714
2025-06-07,31.1000,23.0000,0.0000,14.7200,6.9000,65,,,,,,,,0.4076,0.8000,27.0500,24.2143
2025-06-08,34.1000,23.3000,0.0000,19.7700,11.0000,57,,,,,,,,0.4091,0.1000,28.7000,25.2714
2025-06-09,31.3000,21.4000,2.1000,13.7100,18.7000,69,,,,,,,,0.4106,2.2000,26.3500,25.8071
2025-06-10,35.4000,20.0000,0.0000,21.0600,18.4000,50,,,,,,,,0.4122,2.2000,27.7000,26.5214
2025-06-11,36.9000,20.4000,0.0000,22.9500,11.1000,43,,,,,,,,0.4137,2.1000,28.6500,27.1357
2025-06-12,38.5000,21.2000,0.0000,24.3800,12.5000,46,,,,,,,,0.4152,2.1000,29.8500,27.8214
2025-06-13,38.7000,25.9000,0.0000,23.0500,12.0000,40,,,,,,,,0.4168,2.1000,32.3000,28.6571
2025-06-14,33.2000,25.0000,0.4000,10.6200,22.9000,45,,,,,,,,0.4183,2.5000,29.1000,28.9500
2025-06-15,35.8000,22.9000,0.0000,24.0700,14.5000,46,,,,,,,,0.4198,2.5000,29.3500,29.0429
2025-06-16,38.3000,23.4000,0.0000,22.0000,10.0000,42,,,,,,,,0.4214,0.4000,30.8500,29.6857
2025-06-17,38.9000,24.1000,7.1000,20.2100,16.6000,50,,,,,,,,0.4229,7.5000,31.5000,30.2286
2025-06-18,28.8000,23.3000,11.9000,12.5000,23.9000,85,,,,,,,,0.4244,19.4000,26.0500,29.8571
2025-06-19,31.8000,24.2000,0.1000,15.8100,9.1000,76,,,,,,,,0.4260,19.5000,28.0000,29.5929
2025-06-20,30.3000,24.3000,0.2000,8.2700,16.7000,73,0.4275,0.1602,0.7305,7.0000,0.0000,2025-06-12,2025-06-27,0.4275,19.7000,27.3000,28.8786
2025-06-21,29.5000,22.1000,0.0000,17.2000,15.7000,69,,,,,,,,0.4408,19.3000,25.8000,28.4071
2025-06-22,29.3000,21.5000,3.9000,18.0000,14.4000,81,,,,,,,,0.4541,23.2000,25.4000,27.8429
2025-06-23,27.2000,21.1000,8.9000,11.0200,15.1000,84,,,,,,,,0.4674,32.1000,24.1500,26.8857
2025-06-24,22.3000,20.1000,39.3000,3.1900,13.0000,92,,,,,,,,0.4807,64.3000,21.2000,25.4143
2025-06-25,28.4000,18.9000,1.1000,20.4100,11.1000,81,,,,,,,,0.4939,53.5000,23.6500,25.0714
2025-06-26,29.5000,19.8000,0.4000,20.9100,8.1000,80,,,,,,,,0.5072,53.8000,24.6500,24.5929
2025-06-27,29.9000,21.7000,1.0000,17.8400,6.1000,81,,,,,,,,0.5205,54.6000,25.8000,24.3786
2025-06-28,31.5000,23.0000,1.0000,18.6000,9.2000,81,,,,,,,,0.5338,55.6000,27.2500,24.5857
2025-06-29,27.5000,22.5000,35.6000,11.5300,12.3000,91,,,,,,,,0.5471,87.3000,25.0000,24.5286
2025-06-30,30.1000,21.2000,0.0000,22.9700,12.1000,81,,,,,,,,0.5604,78.4000,25.6500,24.7429
2025-07-01,30.3000,21.9000,1.1000,20.7000,10.4000,83,,,,,,,,0.5737,40.2000,26.1000,25.4429
2025-07-02,29.5000,22.8000,1.8000,14.0800,12.7000,86,,,,,,,,0.5870,40.9000,26.1500,25.8000
2025-07-03,27.2000,23.1000,30.0000,8.0400,13.3000,91,,,,,,,,0.6003,70.5000,25.1500,25.8714
2025-07-04,30.5000,22.6000,49.1000,16.8400,17.7000,89,,,,,,,,0.6135,118.6000,26.5500,25.9786
2025-07-05,27.9000,22.0000,11.9000,16.8400,18.6000,77,,,,,,,,0.6268,129.5000,24.9500,25.6500
2025-07-06,25.7000,20.8000,4.3000,9.6400,10.5000,83,0.6401,0.3008,0.8554,7.0000,0.0000,2025-06-28,2025-07-13,0.6401,98.2000,23.2500,25.4000
2025-07-07,28.0000,21.1000,6.6000,13.8000,10.9000,85,,,,,,,,0.6396,104.8000,24.5500,25.2429
2025-07-08,29.4000,20.8000,1.2000,16.5000,7.6000,85,,,,,,,,0.6391,104.9000,25.1000,25.1000
2025-07-09,31.5000,22.1000,4.9000,21.9000,8.8000,82,,,,,,,,0.6386,108.0000,26.8000,25.1929
2025-07-10,30.9000,22.5000,16.4000,19.7400,14.1000,88,,,,,,,,0.6380,94.4000,26.7000,25.4143
2025-07-11,28.8000,22.4000,11.0000,14.2200,12.1000,93,,,,,,,,0.6375,56.3000,25.6000,25.2786
2025-07-12,31.3000,22.7000,0.5000,21.6100,8.1000,86,,,,,,,,0.6370,44.9000,27.0000,25.5714
2025-07-13,31.5000,23.0000,2.3000,21.2100,8.9000,83,,,,,,,,0.6365,42.9000,27.2500,26.1429
2025-07-14,32.4000,23.5000,4.9000,21.5100,8.0000,84,,,,,,,,0.6359,41.2000,27.9500,26.6286
2025-07-15,34.3000,24.4000,0.4000,21.1900,11.2000,80,,,,,,,,0.6354,40.4000,29.3500,27.2357
2025-07-16,37.1000,25.3000,0.0000,22.1100,13.4000,73,,,,,,,,0.6349,35.5000,31.2000,27.8643
2025-07-17,37.6000,26.7000,0.0000,22.3500,10.2000,68,,,,,,,,0.6344,19.1000,32.1500,28.6429
2025-07-18,32.0000,26.8000,2.7000,15.2000,19.6000,80,,,,,,,,0.6339,10.8000,29.4000,29.1857
2025-07-19,31.2000,24.7000,19.8000,17.6000,11.1000,87,,,,,,,,0.6333,30.1000,27.9500,29.3214
2025-07-20,29.8000,24.6000,10.5000,16.5000,12.3000,87,,,,,,,,0.6328,38.3000,27.2000,29.3143
2025-07-21,32.4000,24.1000,0.2000,21.9100,10.1000,74,,,,,,,,0.6323,33.6000,28.2500,29.3571
2025-07-22,32.2000,23.3000,19.8000,18.0600,14.4000,83,0.6318,0.3008,0.8398,9.0000,0.0000,2025-07-14,2025-07-29,0.6318,53.0000,27.7500,29.1286
2025-07-23,31.0000,23.6000,49.3000,19.3700,15.8000,89,,,,,,,,0.6313,102.3000,27.3000,28.5714
2025-07-24,30.2000,23.6000,19.1000,15.2900,12.1000,91,,,,,,,,0.6309,121.4000,26.9000,27.8214
2025-07-25,29.2000,23.5000,27.0000,13.2700,10.7000,93,,,,,,,,0.6305,145.7000,26.3500,27.3857
2025-07-26,30.3000,23.4000,27.7000,11.8600,10.1000,90,,,,,,,,0.6301,153.6000,26.8500,27.2286
2025-07-27,32.5000,23.1000,0.4000,21.8700,9.1000,84,,,,,,,,0.6297,143.5000,27.8000,27.3143
2025-07-28,33.8000,23.2000,0.0000,21.9700,6.7000,81,,,,,,,,0.6292,143.3000,28.5000,27.3500
2025-07-29,34.6000,25.0000,0.2000,19.8000,7.3000,81,,,,,,,,0.6288,123.7000,29.8000,27.6429
2025-07-30,33.7000,25.3000,3.9000,21.2000,9.9000,83,,,,,,,,0.6284,78.3000,29.5000,27.9571
2025-07-31,34.6000,24.6000,0.0000,22.3300,10.2000,80,,,,,,,,0.6280,59.2000,29.6000,28.3429
2025-08-01,35.0000,25.2000,0.3000,22.0100,10.4000,74,,,,,,,,0.6275,32.5000,30.1000,28.8786
2025-08-02,36.2000,25.3000,0.0000,22.3700,12.1000,72,,,,,,,,0.6271,4.8000,30.7500,29.4357
2025-08-03,37.1000,26.0000,0.0000,22.0800,9.8000,68,,,,,,,,0.6267,4.4000,31.5500,29.9714
2025-08-04,35.5000,28.1000,0.1000,19.2600,10.7000,66,,,,,,,,0.6263,4.5000,31.8000,30.4429
2025-08-05,36.3000,25.6000,10.7000,20.4900,13.0000,77,,,,,,,,0.6258,15.0000,30.9500,30.6071
2025-08-06,31.4000,25.3000,18.9000,10.0900,16.1000,88,,,,,,,,0.6254,30.0000,28.3500,30.4429
2025-08-07,30.9000,25.1000,4.7000,12.4900,10.0000,88,0.6250,0.3008,0.8320,8.0000,0.0000,2025-07-30,2025-08-14,0.6250,34.7000,28.0000,30.2143
2025-08-08,31.1000,24.3000,19.4000,15.2400,11.4000,88,,,,,,,,0.6236,53.8000,27.7000,29.8714
2025-08-09,30.0000,24.5000,44.0000,10.9600,10.2000,90,,,,,,,,0.6223,97.8000,27.2500,29.3714
2025-08-10,25.9000,24.0000,38.7000,4.4900,11.6000,95,,,,,,,,0.6209,136.5000,24.9500,28.4286
2025-08-11,29.9000,23.6000,0.5000,10.3900,13.7000,82,,,,,,,,0.6195,136.9000,26.7500,27.7071
2025-08-12,31.3000,21.8000,0.1000,20.3700,6.2000,82,,,,,,,,0.6182,126.3000,26.5500,27.0786
2025-08-13,33.3000,24.1000,0.1000,18.0400,6.0000,78,,,,,,,,0.6168,107.5000,28.7000,27.1286
2025-08-14,31.4000,23.9000,1.7000,17.2100,11.2000,84,,,,,,,,0.6155,104.5000,27.6500,27.0786
2025-08-15,33.0000,23.5000,15.8000,19.7400,9.7000,80,,,,,,,,0.6141,100.9000,28.2500,27.1571
2025-08-16,28.2000,22.6000,13.4000,12.4600,13.0000,90,,,,,,,,0.6127,70.3000,25.4000,26.8929
2025-08-17,30.3000,22.1000,21.1000,13.0200,11.7000,87,,,,,,,,0.6114,52.7000,26.2000,27.0714
2025-08-18,29.8000,22.5000,14.7000,16.8000,9.4000,88,,,,,,,,0.6100,66.9000,26.1500,26.9857
2025-08-19,30.6000,22.0000,19.8000,17.3600,12.0000,86,,,,,,,,0.6087,86.6000,26.3000,26.9500
2025-08-20,31.4000,22.6000,29.1000,19.5700,12.5000,88,,,,,,,,0.6073,115.6000,27.0000,26.7071
2025-08-21,30.3000,23.0000,25.4000,14.7700,14.9000,89,,,,,,,,0.6060,139.3000,26.6500,26.5643
2025-08-22,30.6000,22.4000,8.5000,18.4400,11.2000,81,,,,,,,,0.6046,132.0000,26.5000,26.3143
2025-08-23,29.4000,22.7000,19.5000,14.7900,14.1000,88,,,,8.0000,0.6325,2025-08-15,2025-08-30,0.6032,138.1000,26.0500,26.4071
2025-08-24,29.6000,22.8000,12.7000,16.6100,8.9000,88,,,,,,,,0.6019,129.7000,26.2000,26.4071
2025-08-25,28.7000,22.7000,31.8000,12.1400,12.0000,92,,,,,,,,0.6005,146.8000,25.7000,26.3429
2025-08-26,30.5000,22.2000,9.5000,14.9500,11.6000,88,,,,,,,,0.5992,136.5000,26.3500,26.3500
2025-08-27,29.6000,23.0000,17.4000,16.1500,16.4000,87,,,,,,,,0.5978,124.8000,26.3000,26.2500
2025-08-28,26.4000,22.1000,54.4000,9.3700,20.0000,86,,,,,,,,0.5964,153.8000,24.2500,25.9071
2025-08-29,23.2000,20.4000,24.7000,4.5000,11.4000,88,,,,,,,,0.5951,170.0000,21.8000,25.2357
2025-08-30,24.9000,19.7000,2.5000,10.0900,8.2000,82,,,,,,,,0.5937,153.0000,22.3000,24.7000
2025-08-31,24.9000,19.4000,0.1000,9.9100,9.1000,82,,,,,,,,0.5924,140.4000,22.1500,24.1214
2025-09-01,28.5000,20.3000,0.0000,14.2400,8.2000,82,,,,,,,,0.5910,108.6000,24.4000,23.9357
2025-09-02,28.9000,21.7000,0.1000,11.1700,11.5000,84,,,,,,,,0.5896,99.2000,25.3000,23.7857
2025-09-03,29.7000,22.9000,0.0000,14.4900,10.9000,72,,,,,,,,0.5883,81.8000,26.3000,23.7857
2025-09-04,30.9000,22.0000,0.1000,16.9100,6.7000,75,,,,,,,,0.5869,27.5000,26.4500,24.1000
2025-09-05,26.3000,20.4000,35.3000,4.5300,27.6000,87,,,,,,,,0.5856,38.1000,23.3500,24.3214
2025-09-06,27.2000,20.0000,1.3000,14.6600,11.0000,76,,,,,,,,0.5842,36.9000,23.6000,24.5071
2025-09-07,28.7000,19.0000,0.8000,15.7600,11.7000,80,,,,,,,,0.5828,37.6000,23.8500,24.7500
2025-09-08,29.3000,21.5000,1.7000,14.8800,7.1000,80,,,,8.0000,0.9900,2025-08-31,2025-09-15,0.5815,39.3000,25.4000,24.8929
2025-09-09,29.1000,20.2000,2.5000,18.4800,9.3000,82,,,,,,,,0.5801,41.7000,24.6500,24.8000
2025-09-10,27.2000,22.4000,6.4000,8.9900,7.0000,89,,,,,,,,0.5788,48.1000,24.8000,24.5857
2025-09-11,27.5000,22.7000,21.1000,11.4700,13.0000,87,,,,,,,,0.5774,69.1000,25.1000,24.3929
2025-09-12,25.7000,21.4000,1.8000,4.1800,12.2000,88,,,,,,,,0.5760,35.6000,23.5500,24.4214
2025-09-13,31.0000,20.7000,0.2000,16.3700,8.5000,82,,,,,,,,0.5747,34.5000,25.8500,24.7429
2025-09-14,31.2000,22.8000,1.4000,15.3900,8.8000,82,,,,,,,,0.5733,35.1000,27.0000,25.1929
2025-09-15,30.0000,23.4000,13.8000,13.8400,13.2000,85,,,,,,,,0.5720,47.2000,26.7000,25.3786
2025-09-16,26.3000,21.9000,87.4000,8.2000,18.7000,90,,,,,,,,0.5706,132.1000,24.1000,25.3000
2025-09-17,28.1000,22.0000,7.8000,9.4800,15.1000,82,,,,,,,,0.5692,133.5000,25.0500,25.3357
2025-09-18,27.2000,20.6000,0.6000,13.4000,15.6000,70,,,,,,,,0.5679,113.0000,23.9000,25.1643
2025-09-19,26.1000,19.6000,1.5000,10.3900,15.0000,78,,,,,,,,0.5665,112.7000,22.8500,25.0643
2025-09-20,27.8000,18.2000,1.6000,13.0000,8.9000,78,,,,,,,,0.5652,114.1000,23.0000,24.6571
2025-09-21,25.1000,20.1000,1.6000,7.4900,16.1000,83,,,,,,,,0.5638,114.3000,22.6000,24.0286
2025-09-22,24.3000,18.5000,7.5000,6.4000,8.2000,83,,,,,,,,0.5625,108.0000,21.4000,23.2714
2025-09-23,26.8000,19.0000,6.3000,14.3000,9.7000,79,,,,,,,,0.5611,26.9000,22.9000,23.1000
2025-09-24,27.9000,16.4000,0.0000,18.0300,8.2000,77,0.5597,0.2773,0.8008,7.0000,0.1915,2025-09-16,2025-10-01,0.5597,19.1000,22.1500,22.6857
2025-09-25,28.0000,17.9000,0.3000,16.4200,10.1000,79,,,,,,,,0.5597,18.8000,22.9500,22.5500
2025-09-26,26.7000,20.0000,0.9000,10.3500,9.6000,83,,,,,,,,0.5597,18.2000,23.3500,22.6214
2025-09-27,25.8000,20.4000,0.3000,9.9500,9.0000,85,,,,,,,,0.5597,16.9000,23.1000,22.6357
2025-09-28,25.7000,21.5000,2.2000,6.7500,15.5000,80,,,,,,,,0.5597,17.5000,23.6000,22.7786
2025-09-29,26.2000,20.0000,1.8000,10.9700,8.6000,77,,,,,,,,0.5597,11.8000,23.1000,23.0214
2025-09-30,27.5000,20.4000,0.1000,11.7100,9.9000,76,,,,,,,,0.5597,5.6000,23.9500,23.1714
2025-10-01,25.5000,20.0000,0.7000,9.1600,12.2000,81,,,,,,,,0.5597,6.3000,22.7500,23.2571
