date,temperature_2m_max,temperature_2m_min,precipitation_sum,shortwave_radiation_sum,wind_speed_10m_max,relative_humidity_2m_mean
2023-01-01,9.500,2.500,0.200,5.630,12.300,85
2023-01-02,11.900,1.200,0.000,8.960,9.400,76
2023-01-03,11.100,2.200,0.000,7.780,8.400,79
2023-01-04,9.900,5.700,0.400,5.180,10.000,81
2023-01-05,12.300,4.200,0.000,8.980,12.400,80
2023-01-06,14.200,2.800,0.000,10.530,13.000,80
2023-01-07,12.100,4.300,0.000,4.130,6.200,85
2023-01-08,12.200,7.500,0.000,4.710,9.100,81
2023-01-09,13.200,3.700,0.000,6.340,7.600,82
2023-01-10,13.900,7.300,0.000,7.430,9.100,78
2023-01-11,11.900,7.000,0.000,4.220,7.900,82
2023-01-12,15.400,4.900,0.000,10.510,6.100,79
2023-01-13,15.100,6.200,0.000,3.240,20.600,66
2023-01-14,8.400,3.200,0.500,2.730,13.000,43
2023-01-15,4.900,1.500,0.200,7.160,9.400,65
2023-01-16,6.200,-1.000,0.000,8.680,12.600,61
2023-01-17,8.100,0.000,0.000,11.810,10.100,51
2023-01-18,8.200,-3.100,0.000,10.840,11.000,59
2023-01-19,9.400,-2.200,0.000,11.800,9.300,66
2023-01-20,9.300,0.700,0.000,9.550,8.800,65
2023-01-21,7.800,1.100,0.000,6.110,11.200,74
2023-01-22,11.100,-0.800,0.000,11.550,8.400,66
2023-01-23,10.000,3.300,0.200,6.640,17.900,59
2023-01-24,8.100,1.100,0.000,11.560,18.900,30
2023-01-25,9.600,1.500,0.000,10.320,9.400,55
2023-01-26,11.900,2.500,0.000,9.020,9.000,59
2023-01-27,10.900,0.800,0.000,12.710,12.100,36
2023-01-28,12.400,-2.900,0.000,12.770,8.300,54
2023-01-29,13.700,-1.500,0.000,12.980,9.800,69
2023-01-30,14.100,1.000,0.000,12.780,10.100,70
2023-01-31,16.500,1.600,0.000,13.020,8.700,66
2023-02-01,17.900,4.200,0.000,12.530,18.100,57
2023-02-02,14.400,8.600,0.000,8.410,14.700,50
2023-02-03,14.600,5.200,0.000,9.200,15.900,66
2023-02-04,17.300,7.800,0.300,10.780,14.100,58
2023-02-05,11.900,8.600,0.400,2.390,13.500,81
2023-02-06,13.100,8.400,0.000,4.690,8.200,80
2023-02-07,12.900,9.300,4.600,4.060,9.000,87
2023-02-08,12.200,8.800,2.700,4.250,13.000,89
2023-02-09,15.100,6.800,2.700,10.310,10.900,76
2023-02-10,14.100,9.000,0.800,5.880,10.900,80
2023-02-11,11.900,9.400,0.400,2.320,14.200,88
2023-02-12,10.900,8.800,0.900,2.190,13.300,82
2023-02-13,11.100,6.900,0.900,4.890,13.600,73
2023-02-14,11.600,3.400,0.900,10.480,12.800,73
2023-02-15,10.600,5.900,0.600,6.240,11.000,81
2023-02-16,11.900,6.000,0.100,6.260,7.600,81
2023-02-17,13.600,4.700,0.000,9.400,10.200,76
2023-02-18,17.200,7.800,0.000,13.150,16.600,61
2023-02-19,14.400,7.200,0.000,9.030,9.500,43
2023-02-20,11.700,8.500,0.000,3.600,10.700,66
2023-02-21,9.200,6.800,3.100,1.990,22.900,83
2023-02-22,9.600,5.800,1.900,5.090,13.600,83
2023-02-23,11.900,5.200,0.700,7.590,7.100,79
2023-02-24,18.700,7.000,0.000,14.810,10.100,66
2023-02-25,17.500,8.400,0.700,12.590,9.000,70
2023-02-26,16.800,7.400,0.000,9.780,13.000,74
2023-02-27,15.400,11.300,0.000,6.210,17.100,61
2023-02-28,16.700,10.600,0.000,7.090,10.300,56
2023-03-01,16.400,10.500,0.000,9.740,13.700,49
2023-03-02,15.400,8.800,0.000,8.810,14.300,66
2023-03-03,18.900,5.200,0.100,16.620,9.700,69
2023-03-04,19.800,6.700,0.000,13.790,11.100,66
2023-03-05,21.100,7.100,0.000,14.300,8.900,66
2023-03-06,21.700,13.800,1.000,13.610,13.500,63
2023-03-07,18.800,11.700,0.500,6.900,9.800,81
2023-03-08,25.200,10.400,0.400,16.470,10.200,65
2023-03-09,23.400,13.300,0.000,11.450,16.700,71
2023-03-10,22.800,15.200,0.700,10.260,9.800,71
2023-03-11,24.200,11.400,2.600,14.790,27.900,68
2023-03-12,14.400,8.400,1.300,7.260,26.200,60
2023-03-13,17.600,5.200,0.000,18.460,11.900,69
2023-03-14,19.900,6.900,0.000,14.200,11.800,67
2023-03-15,21.600,7.400,0.000,12.530,7.300,66
2023-03-16,21.100,13.900,0.700,12.740,16.100,54
2023-03-17,14.500,11.100,0.100,4.050,13.700,61
2023-03-18,16.400,11.400,2.100,5.080,11.000,79
2023-03-19,16.400,11.300,1.700,5.380,11.100,85
2023-03-20,16.500,11.600,1.500,4.760,12.000,85
2023-03-21,20.800,8.600,0.000,12.420,11.000,75
2023-03-22,16.900,11.600,1.300,5.490,17.600,71
2023-03-23,13.900,10.500,4.000,4.140,7.900,82
2023-03-24,16.700,8.400,4.300,11.450,14.800,75
2023-03-25,18.400,10.400,0.700,12.590,12.500,70
2023-03-26,12.600,10.600,5.400,2.740,15.300,83
2023-03-27,17.700,8.600,2.100,11.070,9.000,76
2023-03-28,17.200,10.400,1.800,10.170,6.400,82
2023-03-29,20.200,9.200,0.000,16.920,8.400,75
2023-03-30,18.900,9.500,0.300,12.250,14.400,75
2023-03-31,21.200,12.400,0.000,13.080,5.900,71
2023-04-01,23.200,11.100,0.000,14.990,11.600,71
2023-04-02,24.500,16.100,0.500,13.080,22.900,66
2023-04-03,20.200,14.200,0.100,8.520,17.200,66
2023-04-04,22.600,13.100,0.000,17.590,13.000,51
2023-04-05,17.300,11.900,10.200,4.160,22.500,69
2023-04-06,18.900,9.100,4.600,18.670,17.600,59
2023-04-07,20.900,7.200,0.000,17.870,13.100,45
2023-04-08,21.900,8.800,0.400,18.220,9.000,57
2023-04-09,23.600,10.400,0.000,16.720,11.100,66
2023-04-10,26.000,11.800,0.000,17.970,12.400,66
2023-04-11,28.300,17.000,3.400,17.970,13.400,64
2023-04-12,28.400,17.700,1.000,18.150,17.600,65
2023-04-13,23.900,18.200,2.500,6.260,15.500,81
2023-04-14,25.800,18.100,0.000,13.780,22.300,57
2023-04-15,28.300,14.800,0.000,20.880,12.400,59
2023-04-16,31.100,17.400,0.000,21.000,15.100,58
2023-04-17,34.300,19.500,5.100,19.000,26.100,54
2023-04-18,30.200,19.600,3.100,16.650,11.200,72
2023-04-19,30.400,18.400,0.700,18.460,16.500,65
2023-04-20,23.600,19.900,31.000,9.250,21.900,84
2023-04-21,21.000,15.900,34.100,14.450,20.400,75
2023-04-22,19.900,14.500,0.500,10.140,15.200,67
2023-04-23,15.100,11.500,0.100,5.970,18.200,65
2023-04-24,15.900,11.900,0.600,8.060,15.800,58
2023-04-25,23.200,9.800,0.100,16.600,15.300,71
2023-04-26,23.500,12.900,0.400,16.640,10.900,65
2023-04-27,24.800,12.200,0.900,20.040,16.600,66
2023-04-28,18.500,14.400,9.900,3.600,18.200,85
2023-04-29,23.500,13.200,1.100,21.050,29.500,51
2023-04-30,24.500,12.600,0.000,22.270,9.700,60
2023-05-01,26.100,13.900,0.400,19.560,20.500,62
2023-05-02,25.500,15.700,1.200,15.560,13.800,72
2023-05-03,26.200,18.700,0.000,13.940,11.600,70
2023-05-04,28.200,20.100,0.100,14.590,14.300,62
2023-05-05,27.100,18.000,1.700,12.090,20.900,59
2023-05-06,26.800,14.900,4.800,17.370,14.300,66
2023-05-07,23.300,17.400,8.500,10.580,20.000,77
2023-05-08,17.000,14.400,5.500,4.930,16.800,82
2023-05-09,18.100,14.100,4.900,5.070,19.500,85
2023-05-10,20.500,14.200,1.300,8.720,9.200,79
2023-05-11,23.300,15.300,0.200,10.020,13.700,68
2023-05-12,27.400,15.400,0.000,18.920,9.100,50
2023-05-13,29.000,17.000,0.000,21.960,13.000,51
2023-05-14,27.600,16.400,0.000,16.190,10.400,62
2023-05-15,27.900,17.500,0.000,14.430,7.500,67
2023-05-16,30.200,16.500,0.000,19.030,12.700,66
2023-05-17,29.800,19.000,0.000,13.280,14.100,61
2023-05-18,28.200,19.200,8.700,15.740,10.500,69
2023-05-19,28.100,19.100,0.300,15.970,9.500,75
2023-05-20,28.600,18.600,0.600,19.000,13.000,76
2023-05-21,25.200,18.500,0.700,6.560,19.600,67
2023-05-22,19.900,14.900,3.600,6.760,11.700,75
2023-05-23,23.300,15.400,0.000,14.370,9.200,67
2023-05-24,26.800,14.800,0.000,16.710,18.100,64
2023-05-25,25.600,20.000,0.000,9.510,11.900,60
2023-05-26,26.800,19.500,0.000,14.280,9.800,57
2023-05-27,26.800,19.000,0.000,11.400,13.700,64
2023-05-28,29.600,20.300,0.000,15.460,11.300,60
2023-05-29,32.200,21.900,0.500,19.340,12.300,58
2023-05-30,34.900,22.700,0.100,21.530,14.300,56
2023-05-31,33.700,24.900,0.800,13.920,24.700,56
2023-06-01,29.200,20.700,0.000,13.170,15.800,50
2023-06-02,28.500,20.600,0.000,13.050,20.700,56
2023-06-03,27.600,20.900,0.000,11.870,16.300,53
2023-06-04,26.400,20.100,0.000,12.360,12.700,61
2023-06-05,28.100,19.800,0.200,12.440,15.000,61
2023-06-06,31.400,19.100,0.000,21.270,10.200,54
2023-06-07,32.500,22.600,0.000,18.820,13.900,49
2023-06-08,32.900,23.400,0.000,14.790,13.800,55
2023-06-09,32.000,19.800,0.000,18.100,12.200,64
2023-06-10,34.200,20.800,0.000,20.030,15.900,57
2023-06-11,35.300,22.700,0.000,18.390,19.700,38
2023-06-12,36.700,21.200,0.000,21.200,15.200,40
2023-06-13,32.200,22.600,0.000,14.130,15.900,46
2023-06-14,29.700,21.900,0.800,7.550,12.700,58
2023-06-15,26.700,19.600,2.700,12.250,9.700,73
2023-06-16,26.000,18.900,0.800,8.310,10.200,75
2023-06-17,27.800,19.700,0.000,12.590,7.900,64
2023-06-18,31.600,21.500,0.000,20.090,12.600,59
2023-06-19,30.300,22.900,2.400,7.880,12.200,70
2023-06-20,32.900,21.400,0.000,12.690,16.800,60
2023-06-21,30.200,20.200,4.500,14.320,15.500,60
2023-06-22,30.400,19.400,0.600,19.030,7.800,63
2023-06-23,32.000,20.100,0.700,20.670,8.600,60
2023-06-24,32.100,22.900,6.700,18.950,21.800,61
2023-06-25,31.200,21.600,1.200,19.170,9.100,71
2023-06-26,34.700,23.200,0.300,19.450,15.500,59
2023-06-27,35.400,26.500,1.400,18.820,17.700,58
2023-06-28,34.000,24.400,1.500,15.050,18.200,67
2023-06-29,32.800,22.700,2.600,19.110,10.200,59
2023-06-30,33.800,22.900,0.000,18.970,11.000,55
2023-07-01,33.500,25.000,0.100,16.060,13.500,57
2023-07-02,33.500,24.900,1.100,18.340,9.500,65
2023-07-03,28.000,21.700,21.200,5.950,21.900,83
2023-07-04,34.000,21.600,0.700,17.450,23.700,63
2023-07-05,32.800,19.600,0.000,23.720,14.400,60
2023-07-06,34.900,23.300,0.000,19.080,15.100,49
2023-07-07,36.600,24.200,0.000,17.800,10.300,56
2023-07-08,37.300,22.800,0.000,22.610,9.400,55
2023-07-09,37.800,25.800,0.300,21.350,10.900,49
2023-07-10,38.900,27.000,1.100,21.210,11.500,50
2023-07-11,31.400,25.100,23.500,10.300,18.100,78
2023-07-12,30.500,24.500,54.000,9.530,14.100,88
2023-07-13,27.000,21.300,48.400,5.800,26.300,88
2023-07-14,29.000,20.600,3.100,13.570,11.900,79
2023-07-15,31.300,19.600,0.000,21.430,9.500,77
2023-07-16,32.800,20.800,0.000,23.060,7.800,80
2023-07-17,32.800,23.000,5.900,21.200,17.100,79
2023-07-18,30.200,21.800,7.700,19.390,16.600,79
2023-07-19,31.500,21.600,0.300,20.280,12.100,76
2023-07-20,30.800,22.400,11.000,19.350,10.800,79
2023-07-21,32.200,23.000,7.600,20.520,10.500,81
2023-07-22,34.000,22.500,0.000,22.820,6.800,73
2023-07-23,33.300,23.700,0.000,19.210,13.800,69
2023-07-24,30.600,24.000,11.000,12.630,16.600,73
2023-07-25,30.500,23.000,11.100,12.560,12.200,82
2023-07-26,26.300,23.500,24.600,6.300,16.300,90
2023-07-27,26.800,22.500,15.500,12.550,28.300,91
2023-07-28,31.200,21.500,0.000,21.920,11.500,75
2023-07-29,31.800,21.900,0.000,21.700,9.200,75
2023-07-30,31.300,23.900,1.500,20.010,7.900,76
2023-07-31,30.600,24.300,9.600,17.210,12.600,79
2023-08-01,31.700,24.000,21.900,18.680,19.500,85
2023-08-02,30.200,22.900,10.200,15.720,15.400,88
2023-08-03,30.000,23.500,5.300,17.270,11.400,86
2023-08-04,30.800,22.500,11.800,17.370,12.000,87
2023-08-05,31.100,23.700,11.200,18.260,7.700,86
2023-08-06,30.000,23.700,32.800,16.610,10.900,90
2023-08-07,30.500,23.500,23.300,19.810,13.200,89
2023-08-08,30.800,23.000,31.000,19.750,13.100,87
2023-08-09,32.000,23.500,24.400,17.520,17.700,85
2023-08-10,32.200,24.100,14.100,18.370,15.300,85
2023-08-11,28.400,24.300,50.300,11.020,15.400,88
2023-08-12,31.600,23.400,3.100,14.490,14.200,83
2023-08-13,32.800,22.100,0.000,21.950,7.300,75
2023-08-14,32.000,23.300,0.500,20.110,8.600,74
2023-08-15,30.100,24.100,2.500,16.230,10.900,78
2023-08-16,31.600,24.500,0.100,15.610,11.500,75
2023-08-17,32.500,24.200,0.000,16.120,15.600,73
2023-08-18,30.500,24.700,0.200,10.560,14.500,72
2023-08-19,29.600,22.400,0.200,9.190,11.200,74
2023-08-20,28.300,22.000,17.600,10.980,14.100,81
2023-08-21,31.100,20.600,0.000,20.460,7.800,84
2023-08-22,31.800,22.500,0.200,18.800,10.900,83
2023-08-23,28.300,23.500,11.300,16.120,24.500,79
2023-08-24,25.700,21.500,9.700,5.210,10.200,87
2023-08-25,25.900,21.100,17.100,8.210,11.900,88
2023-08-26,25.900,19.800,5.700,7.510,17.700,85
2023-08-27,30.000,19.100,0.000,21.120,16.300,71
2023-08-28,28.000,21.400,1.000,13.070,11.500,79
2023-08-29,24.100,20.500,3.900,4.490,16.300,87
2023-08-30,28.400,20.100,0.000,14.010,8.300,81
2023-08-31,29.000,19.700,0.100,18.350,7.600,75
2023-09-01,26.000,20.800,6.200,8.430,14.400,85
2023-09-02,30.000,18.600,0.000,19.930,6.200,82
2023-09-03,31.000,19.600,0.000,20.690,8.200,70
2023-09-04,32.100,20.900,0.000,20.280,8.900,71
2023-09-05,30.900,20.800,0.600,18.550,8.900,72
2023-09-06,29.900,23.900,1.300,10.410,12.400,74
2023-09-07,30.100,22.900,10.600,7.690,15.600,72
2023-09-08,31.500,21.500,10.500,16.170,16.300,77
2023-09-09,30.000,22.400,10.500,13.370,16.500,81
2023-09-10,29.200,22.500,36.200,13.560,14.000,88
2023-09-11,24.400,21.000,19.400,4.730,25.300,87
2023-09-12,28.300,19.600,1.800,14.810,17.400,75
2023-09-13,28.200,18.300,0.300,18.500,8.000,77
2023-09-14,27.800,19.500,0.600,16.470,8.900,79
2023-09-15,28.000,21.100,0.700,13.390,10.200,81
2023-09-16,29.000,21.900,0.000,14.210,10.500,80
2023-09-17,28.500,22.400,3.900,11.910,13.600,82
2023-09-18,26.900,22.400,1.500,9.350,12.300,82
2023-09-19,27.900,22.400,0.900,9.890,17.900,82
2023-09-20,28.700,21.200,0.500,15.280,24.300,70
2023-09-21,26.500,18.900,0.000,16.710,9.500,70
2023-09-22,22.700,19.500,2.400,6.410,14.300,82
2023-09-23,22.800,18.900,0.700,6.640,11.300,77
2023-09-24,22.900,18.600,0.900,8.420,10.500,80
2023-09-25,23.300,18.700,1.500,7.410,6.300,82
2023-09-26,24.300,19.000,0.100,9.120,7.700,78
2023-09-27,25.100,18.200,0.000,11.630,7.000,78
2023-09-28,24.500,18.800,0.800,10.400,10.600,82
2023-09-29,25.300,19.600,0.500,9.820,8.800,79
2023-09-30,25.200,17.800,0.300,9.930,10.400,81
2023-10-01,22.500,19.600,0.800,4.380,11.300,81
2023-10-02,24.400,19.000,0.700,9.120,14.600,76
2023-10-03,25.100,19.400,0.000,9.950,13.400,77
2023-10-04,22.400,19.100,0.100,4.530,9.500,78
2023-10-05,22.400,16.800,4.000,7.950,16.200,78
2023-10-06,19.000,15.800,23.100,2.930,13.100,88
2023-10-07,23.400,13.700,0.500,13.010,7.200,82
2023-10-08,19.500,17.000,6.500,3.530,10.600,90
2023-10-09,21.900,16.000,2.300,8.810,8.100,81
2023-10-10,20.600,12.800,0.400,11.370,8.100,86
2023-10-11,17.400,16.000,3.900,2.230,10.000,93
2023-10-12,19.900,15.600,0.100,6.460,14.800,82
2023-10-13,20.100,15.400,1.500,7.560,6.800,84
2023-10-14,23.500,12.900,0.100,15.360,12.300,80
2023-10-15,22.000,16.900,0.900,10.310,11.700,82
2023-10-16,21.600,17.500,1.000,7.380,8.800,85
2023-10-17,23.600,17.600,0.000,11.110,12.400,82
2023-10-18,20.100,16.300,6.200,6.060,15.000,80
2023-10-19,17.000,13.900,1.900,3.360,15.600,81
2023-10-20,20.500,14.400,0.700,8.460,18.500,68
2023-10-21,20.100,13.200,0.300,13.390,8.800,72
2023-10-22,22.000,11.800,0.300,13.950,11.400,76
2023-10-23,22.400,15.300,0.000,11.930,7.700,76
2023-10-24,22.800,13.100,0.000,11.970,10.400,80
2023-10-25,23.000,15.600,0.000,7.830,6.200,79
2023-10-26,20.000,15.400,3.500,3.150,11.000,78
2023-10-27,20.800,13.300,0.300,12.180,9.900,77
2023-10-28,20.500,13.600,1.500,8.890,8.900,86
2023-10-29,21.000,13.100,0.000,9.590,8.300,85
2023-10-30,21.100,14.100,0.600,5.420,8.900,86
2023-10-31,22.000,15.600,0.000,8.340,7.400,85
2023-11-01,23.200,15.100,0.000,10.170,8.900,85
2023-11-02,19.400,16.000,4.500,3.010,9.200,92
2023-11-03,18.500,15.900,1.800,3.910,14.200,81
2023-11-04,19.500,11.700,0.800,9.250,13.300,80
2023-11-05,22.600,12.800,0.100,11.940,20.000,69
2023-11-06,19.700,12.600,0.000,13.330,14.200,50
2023-11-07,20.600,11.700,0.000,10.940,10.300,73
2023-11-08,20.200,14.900,0.000,8.830,9.500,80
2023-11-09,22.500,11.700,0.000,12.640,8.600,80
2023-11-10,21.100,15.200,1.000,8.030,12.200,83
2023-11-11,16.700,12.000,7.500,2.470,23.100,86
2023-11-12,11.700,9.500,11.000,2.960,22.600,76
2023-11-13,12.900,5.400,0.300,9.090,9.200,70
2023-11-14,13.600,9.400,0.000,6.190,7.600,79
2023-11-15,15.200,9.600,0.300,8.740,12.000,73
2023-11-16,15.600,7.100,0.000,12.280,12.000,57
2023-11-17,15.400,5.300,0.000,10.650,6.200,72
2023-11-18,14.600,8.400,0.000,6.250,8.000,82
2023-11-19,14.600,6.600,0.000,6.840,9.200,89
2023-11-20,16.500,6.500,0.000,7.620,7.600,84
2023-11-21,16.800,9.900,0.000,6.640,11.900,82
2023-11-22,19.100,8.100,0.000,9.820,7.800,80
2023-11-23,19.500,9.900,0.000,10.570,18.700,80
2023-11-24,17.900,9.100,0.000,6.620,8.900,85
2023-11-25,16.900,10.800,0.100,5.660,24.400,81
2023-11-26,18.800,7.200,0.100,11.570,9.900,71
2023-11-27,16.000,8.700,0.000,5.410,12.900,83
2023-11-28,17.100,4.900,0.000,10.290,11.400,80
2023-11-29,18.100,8.200,0.000,7.840,12.000,65
2023-11-30,15.500,11.000,0.000,8.010,17.300,62
2023-12-01,13.100,8.500,0.200,6.170,8.600,73
2023-12-02,12.900,6.900,0.000,6.600,5.900,76
2023-12-03,14.200,4.300,0.700,9.390,7.600,80
2023-12-04,15.400,6.400,0.000,10.150,8.700,87
2023-12-05,12.400,8.200,0.200,3.550,13.400,88
2023-12-06,16.600,5.100,0.000,10.670,10.400,78
2023-12-07,14.400,5.000,0.000,7.920,9.500,83
2023-12-08,14.600,7.400,0.000,5.980,6.600,87
2023-12-09,15.700,5.200,0.000,7.290,7.500,86
2023-12-10,16.000,10.400,0.000,4.600,9.400,79
2023-12-11,16.900,11.100,0.000,8.390,12.700,68
2023-12-12,14.200,6.900,0.000,6.830,7.600,67
2023-12-13,15.300,8.600,0.000,7.270,8.800,73
2023-12-14,16.200,8.700,0.000,7.180,18.100,72
2023-12-15,9.600,4.100,0.200,2.450,21.600,33
2023-12-16,6.100,2.500,0.000,6.450,12.600,35
2023-12-17,6.300,-2.900,0.000,9.800,16.500,60
2023-12-18,7.900,-2.200,0.000,10.090,8.500,66
2023-12-19,9.700,-0.800,0.000,10.250,9.400,73
2023-12-20,9.400,0.500,0.100,8.620,13.800,72
2023-12-21,9.100,3.500,0.000,7.550,9.700,72
2023-12-22,7.700,2.800,0.000,5.380,15.600,79
2023-12-23,9.100,-1.100,0.100,7.260,15.300,76
2023-12-24,10.700,-0.300,0.000,10.560,9.400,78
2023-12-25,10.100,0.300,0.000,9.330,14.800,75
2023-12-26,12.100,1.100,0.000,10.530,8.100,82
2023-12-27,12.300,0.500,0.000,8.810,8.400,84
2023-12-28,11.900,5.700,0.000,4.510,8.400,75
2023-12-29,14.100,2.500,0.000,9.730,7.300,75
2023-12-30,12.400,2.500,0.000,9.730,11.500,83
2023-12-31,10.100,7.200,0.100,2.390,7.600,87
2024-01-01,10.100,7.300,0.100,2.030,6.600,87
2024-01-02,13.600,4.500,0.000,9.230,9.100,85
2024-01-03,13.900,5.200,0.000,10.260,9.800,79
2024-01-04,9.900,4.800,0.100,3.040,11.000,88
2024-01-05,11.800,7.300,0.300,3.750,8.200,78
2024-01-06,14.300,4.400,0.000,9.940,10.000,72
2024-01-07,14.600,6.900,0.000,6.870,9.100,68
2024-01-08,13.900,5.800,0.100,8.130,10.700,84
2024-01-09,15.800,5.200,0.200,10.900,13.000,78
2024-01-10,15.200,2.200,0.000,10.970,8.700,80
2024-01-11,14.100,2.800,0.000,7.750,8.400,88
2024-01-12,14.600,4.100,0.000,9.180,6.700,86
2024-01-13,15.400,4.200,0.200,6.250,10.800,81
2024-01-14,15.400,9.800,0.300,5.110,11.800,77
2024-01-15,15.400,9.100,0.000,6.820,15.900,71
2024-01-16,14.200,8.700,0.000,6.890,15.000,70
2024-01-17,13.100,6.400,0.000,8.380,10.000,74
2024-01-18,14.900,7.900,0.000,8.780,10.700,72
2024-01-19,13.200,7.900,0.000,7.930,12.500,72
2024-01-20,11.600,7.800,0.900,6.040,12.500,69
2024-01-21,7.900,3.200,7.600,2.100,23.400,80
2024-01-22,6.400,0.600,1.600,9.890,10.500,66
2024-01-23,3.500,1.100,0.600,3.150,14.800,77
2024-01-24,4.200,0.500,3.200,4.250,11.500,81
2024-01-25,5.700,-3.700,0.200,7.140,7.100,83
2024-01-26,7.800,-3.600,0.000,10.430,8.300,73
2024-01-27,8.700,-0.400,0.200,9.240,9.200,78
2024-01-28,9.000,1.800,0.000,8.360,7.900,75
2024-01-29,9.800,1.700,0.500,7.770,7.600,77
2024-01-30,8.800,5.200,0.000,5.040,7.900,74
2024-01-31,9.900,5.200,0.700,4.770,9.900,78
2024-02-01,13.200,2.400,0.000,9.610,10.000,70
2024-02-02,8.100,6.400,1.900,2.720,15.800,86
2024-02-03,7.200,4.800,1.600,2.970,14.900,75
2024-02-04,9.700,2.000,1.200,9.830,13.400,76
2024-02-05,7.300,4.400,0.500,3.040,11.700,83
2024-02-06,9.800,4.200,0.000,6.520,12.800,76
2024-02-07,8.600,3.400,0.200,4.720,8.500,75
2024-02-08,10.000,-0.300,0.000,9.080,7.900,78
2024-02-09,13.700,3.200,0.000,13.700,11.200,76
2024-02-10,14.000,1.200,0.000,13.240,10.500,84
2024-02-11,14.600,2.300,0.000,12.250,9.100,84
2024-02-12,16.800,3.800,0.000,13.640,8.800,76
2024-02-13,18.000,4.300,0.000,14.360,8.600,75
2024-02-14,17.500,6.800,0.300,5.490,13.000,64
2024-02-15,16.500,8.500,0.500,11.040,11.500,63
2024-02-16,15.000,3.000,0.000,14.510,10.200,74
2024-02-17,17.000,4.000,0.000,13.390,10.100,75
2024-02-18,19.300,4.600,0.000,14.750,12.400,70
2024-02-19,18.400,8.200,0.000,12.270,16.600,49
2024-02-20,17.500,8.600,0.000,11.410,23.800,57
2024-02-21,10.900,6.600,0.300,5.060,19.900,50
2024-02-22,7.200,3.800,0.100,6.710,18.200,50
2024-02-23,6.000,2.500,0.200,6.230,15.600,66
2024-02-24,9.400,2.100,0.200,11.830,6.900,69
2024-02-25,8.600,-1.200,0.000,9.380,12.800,69
2024-02-26,9.900,3.700,0.300,9.090,9.200,68
2024-02-27,10.400,4.200,0.000,7.230,14.600,76
2024-02-28,7.600,5.200,0.700,3.120,12.600,82
2024-02-29,12.100,2.100,2.000,11.360,13.600,73
2024-03-01,9.200,3.900,2.200,5.370,15.300,82
2024-03-02,11.100,2.300,0.400,9.110,8.700,79
2024-03-03,12.500,4.800,0.000,8.420,9.200,76
2024-03-04,14.400,2.700,0.000,11.220,13.600,76
2024-03-05,15.800,4.400,0.800,11.950,14.900,65
2024-03-06,14.600,7.100,0.000,9.960,14.200,63
2024-03-07,16.600,7.800,0.000,12.560,11.900,54
2024-03-08,15.300,5.700,0.000,12.100,14.900,64
2024-03-09,15.900,5.300,0.200,11.730,8.200,74
2024-03-10,15.600,6.800,1.000,8.790,10.800,81
2024-03-11,19.300,5.800,0.000,18.020,13.200,77
2024-03-12,16.200,11.700,0.900,6.500,14.300,77
2024-03-13,19.800,8.600,1.500,14.940,11.400,66
2024-03-14,19.400,11.100,2.600,13.800,8.400,76
2024-03-15,20.400,10.600,0.200,11.540,16.300,75
2024-03-16,19.000,14.000,0.600,7.610,14.300,73
2024-03-17,19.100,12.600,0.400,12.300,13.300,62
2024-03-18,17.000,10.900,0.700,7.420,14.200,70
2024-03-19,18.800,11.200,4.900,12.540,14.200,69
2024-03-20,20.100,8.200,0.000,15.000,7.700,65
2024-03-21,22.000,9.200,0.000,19.050,10.300,67
2024-03-22,24.200,12.200,0.000,16.680,14.000,66
2024-03-23,26.000,12.400,0.000,16.170,18.800,65
2024-03-24,20.000,12.400,11.100,7.710,20.500,69
2024-03-25,22.500,10.400,0.900,18.730,14.800,67
2024-03-26,20.500,14.400,0.600,8.970,18.700,71
2024-03-27,18.500,13.800,6.600,6.420,12.600,78
2024-03-28,24.600,9.900,0.000,19.520,13.200,71
2024-03-29,26.000,11.400,0.000,20.000,12.100,63
2024-03-30,25.100,16.400,6.200,14.350,16.900,66
2024-03-31,25.400,12.600,0.000,13.810,8.900,70
2024-04-01,26.000,15.900,2.700,12.750,15.200,71
2024-04-02,27.000,16.900,0.300,15.830,11.400,64
2024-04-03,22.200,15.200,18.400,7.080,17.300,73
2024-04-04,23.900,13.900,3.100,15.880,13.700,72
2024-04-05,22.000,15.100,0.700,12.380,20.000,80
2024-04-06,16.200,13.200,4.200,3.650,10.900,82
2024-04-07,17.000,12.200,3.000,6.850,8.700,85
2024-04-08,20.200,9.100,0.000,10.200,8.100,81
2024-04-09,21.500,13.300,0.000,11.870,10.600,77
2024-04-10,24.000,14.400,0.000,13.870,12.100,72
2024-04-11,24.400,13.700,5.100,15.800,8.700,77
2024-04-12,26.000,14.800,0.000,17.150,11.600,71
2024-04-13,27.300,17.400,0.000,15.510,12.300,70
2024-04-14,29.500,15.900,0.000,17.430,9.300,67
2024-04-15,30.200,19.400,0.000,14.280,18.300,60
2024-04-16,28.600,18.100,14.000,15.600,17.800,72
2024-04-17,24.900,19.000,3.000,8.370,10.100,78
2024-04-18,23.900,18.200,23.300,9.690,13.000,85
2024-04-19,26.500,17.000,2.200,18.300,16.900,73
2024-04-20,22.000,16.300,16.000,5.700,18.000,78
2024-04-21,25.100,14.100,3.700,18.590,10.600,74
2024-04-22,24.700,16.200,13.300,16.990,10.700,79
2024-04-23,23.600,14.900,0.100,8.840,17.200,71
2024-04-24,24.000,12.800,0.600,17.340,13.300,76
2024-04-25,24.900,14.300,0.000,15.970,7.400,76
2024-04-26,26.300,15.100,0.100,15.930,9.500,74
2024-04-27,28.700,18.900,0.000,19.220,9.400,69
2024-04-28,28.600,18.400,2.000,17.200,14.300,75
2024-04-29,23.500,16.500,8.100,11.870,26.900,73
2024-04-30,22.600,13.900,1.500,15.510,12.600,59
2024-05-01,17.500,14.400,6.600,4.200,11.100,86
2024-05-02,17.900,13.800,1.200,5.460,10.100,85
2024-05-03,20.900,14.000,0.500,10.270,10.600,80
2024-05-04,24.600,14.600,0.000,18.500,16.100,72
2024-05-05,26.600,13.700,0.000,20.400,9.300,69
2024-05-06,27.000,16.200,0.600,18.950,8.700,71
2024-05-07,27.000,17.400,3.600,15.060,12.100,75
2024-05-08,21.500,18.500,4.300,5.190,10.000,82
2024-05-09,26.100,15.300,0.300,19.720,9.300,79
2024-05-10,25.700,17.000,4.200,13.750,10.200,84
2024-05-11,25.800,19.100,4.000,10.160,14.600,74
2024-05-12,26.800,17.300,0.000,12.370,13.300,68
2024-05-13,28.600,14.300,0.000,23.160,10.200,68
2024-05-14,29.800,17.600,0.000,20.340,14.800,64
2024-05-15,30.400,18.200,0.200,18.250,14.100,69
2024-05-16,30.000,18.400,0.500,19.240,9.200,66
2024-05-17,28.000,19.900,0.200,8.900,7.200,67
2024-05-18,28.900,20.700,5.600,17.490,15.600,71
2024-05-19,30.400,18.400,0.000,21.150,17.600,61
2024-05-20,32.100,18.500,0.000,22.120,15.100,56
2024-05-21,30.900,19.800,0.000,19.830,11.900,58
2024-05-22,32.000,19.500,0.500,21.510,8.600,59
2024-05-23,33.900,22.200,0.000,17.010,10.800,53
2024-05-24,36.500,21.700,0.000,20.770,16.700,52
2024-05-25,33.500,23.900,4.500,17.040,23.700,58
2024-05-26,35.200,22.000,0.100,20.840,14.700,55
2024-05-27,33.200,23.100,2.500,14.570,15.300,56
2024-05-28,27.500,21.800,11.600,8.990,16.800,82
2024-05-29,21.500,19.500,3.800,4.770,19.100,83
2024-05-30,29.800,19.600,0.000,21.990,16.600,57
2024-05-31,31.000,18.700,0.000,20.200,10.200,54
2024-06-01,27.900,21.500,0.300,8.900,14.700,57
2024-06-02,28.400,20.100,0.200,15.430,14.800,62
2024-06-03,25.400,19.700,0.200,8.180,11.500,72
2024-06-04,27.500,18.600,1.000,17.890,11.300,70
2024-06-05,27.600,17.900,0.000,16.030,10.100,69
2024-06-06,27.000,21.000,2.400,11.560,17.200,74
2024-06-07,26.100,18.000,0.000,8.700,9.700,78
2024-06-08,27.600,21.100,0.300,13.480,16.200,71
2024-06-09,27.000,18.900,0.000,11.510,6.400,71
2024-06-10,28.800,17.900,0.000,15.710,8.500,69
2024-06-11,31.900,21.500,2.600,20.280,13.100,64
2024-06-12,31.900,19.800,0.000,20.400,7.600,69
2024-06-13,34.000,23.900,0.000,21.320,10.100,58
2024-06-14,35.000,23.100,0.000,21.010,6.400,53
2024-06-15,35.000,22.300,0.200,16.830,8.400,53
2024-06-16,32.000,24.200,0.800,16.970,21.300,63
2024-06-17,33.100,22.200,0.000,19.960,11.600,57
2024-06-18,31.000,23.600,0.600,14.790,10.900,65
2024-06-19,30.500,23.200,3.800,19.070,9.000,74
2024-06-20,30.000,22.500,4.600,16.060,13.600,81
2024-06-21,31.100,23.600,0.300,14.670,17.400,69
2024-06-22,34.200,24.100,0.000,21.250,16.300,55
2024-06-23,30.100,22.800,0.200,8.470,10.700,63
2024-06-24,32.100,23.500,0.300,11.350,11.700,64
2024-06-25,31.800,19.400,0.800,21.750,11.200,66
2024-06-26,25.200,21.400,4.700,7.680,7.200,81
2024-06-27,27.700,19.700,1.400,13.680,12.500,82
2024-06-28,28.700,20.800,0.100,12.500,5.400,80
2024-06-29,30.200,22.300,0.800,13.260,11.700,77
2024-06-30,33.300,22.900,7.800,20.280,19.300,78
2024-07-01,30.500,22.500,30.400,22.180,19.900,76
2024-07-02,31.700,22.000,0.000,16.520,17.600,72
2024-07-03,29.800,21.600,0.200,17.460,12.900,78
2024-07-04,29.200,21.500,1.200,13.600,7.300,81
2024-07-05,31.700,22.000,0.800,20.900,7.900,79
2024-07-06,30.900,23.400,3.700,16.440,9.400,81
2024-07-07,31.600,24.500,2.100,16.140,17.100,85
2024-07-08,29.500,24.000,29.200,14.270,19.400,85
2024-07-09,29.900,23.800,18.000,8.980,13.000,87
2024-07-10,28.700,24.300,12.800,8.000,10.900,85
2024-07-11,32.100,22.200,0.100,19.290,8.700,79
2024-07-12,31.900,23.500,0.500,20.710,15.100,80
2024-07-13,28.300,24.200,10.800,11.160,16.600,88
2024-07-14,28.100,23.400,1.700,16.340,23.200,83
2024-07-15,30.800,23.100,1.500,17.230,12.300,84
2024-07-16,30.100,23.800,39.400,14.880,11.800,90
2024-07-17,27.700,24.000,46.100,10.190,20.900,92
2024-07-18,30.900,23.200,0.300,19.040,9.200,83
2024-07-19,30.400,23.200,5.300,15.430,13.800,89
2024-07-20,30.500,24.500,18.100,15.710,13.400,88
2024-07-21,30.100,24.200,7.200,14.300,11.300,89
2024-07-22,31.100,23.500,3.200,16.540,12.300,87
2024-07-23,30.500,23.900,9.800,14.490,15.100,88
2024-07-24,29.900,24.500,16.800,9.080,24.900,87
2024-07-25,33.100,23.600,0.000,18.690,7.100,80
2024-07-26,33.700,22.900,0.000,20.700,18.900,74
2024-07-27,31.100,25.500,0.400,9.640,15.900,73
2024-07-28,27.800,23.100,10.700,8.230,10.000,81
2024-07-29,31.500,22.500,0.500,11.400,11.500,79
2024-07-30,31.400,23.500,0.000,18.200,11.400,78
2024-07-31,32.500,23.000,0.000,21.920,9.600,80
2024-08-01,33.000,24.100,0.600,20.500,9.000,79
2024-08-02,32.300,24.600,15.800,19.790,16.700,81
2024-08-03,30.100,23.700,19.900,15.270,16.000,86
2024-08-04,31.200,23.600,9.500,18.160,12.000,84
2024-08-05,32.500,23.000,0.500,20.560,8.700,81
2024-08-06,32.000,24.700,12.100,19.620,14.100,83
2024-08-07,31.500,23.500,8.900,15.650,17.900,86
2024-08-08,32.200,23.700,2.500,19.010,14.000,85
2024-08-09,29.800,24.100,10.900,10.470,25.400,85
2024-08-10,30.000,23.500,2.300,11.990,13.000,82
2024-08-11,34.000,22.300,0.000,22.320,6.600,76
2024-08-12,32.900,22.700,0.000,22.350,7.100,76
2024-08-13,34.400,23.000,0.000,22.180,6.500,69
2024-08-14,34.100,23.000,0.100,20.380,18.000,67
2024-08-15,29.500,23.100,10.700,12.140,19.700,76
2024-08-16,32.100,22.000,0.000,16.150,6.600,74
2024-08-17,32.600,23.000,1.700,17.760,11.100,72
2024-08-18,32.200,23.000,0.200,19.150,8.000,76
2024-08-19,34.200,22.900,0.000,20.750,7.700,72
2024-08-20,34.400,23.800,0.100,18.870,13.100,66
2024-08-21,36.000,24.400,1.100,19.500,19.700,65
2024-08-22,37.200,27.200,0.900,19.710,17.100,59
2024-08-23,37.800,24.300,1.300,19.050,22.200,63
2024-08-24,37.800,25.200,0.300,19.380,18.800,65
2024-08-25,37.100,25.600,0.300,19.830,17.800,56
2024-08-26,38.200,27.200,0.300,19.510,14.600,50
2024-08-27,37.900,28.000,0.100,18.170,18.100,52
2024-08-28,37.200,28.700,0.700,19.210,23.100,51
2024-08-29,36.300,27.100,1.300,18.230,21.400,59
2024-08-30,33.800,25.500,3.700,16.810,15.500,74
2024-08-31,33.000,24.400,7.100,17.140,14.000,76
2024-09-01,33.300,23.800,12.800,19.170,22.600,75
2024-09-02,34.000,24.700,19.800,18.480,14.000,79
2024-09-03,32.400,23.700,0.800,15.170,14.800,81
2024-09-04,34.300,24.000,21.600,16.300,21.100,78
2024-09-05,33.500,23.800,0.000,19.330,26.000,64
2024-09-06,31.500,23.500,22.200,14.710,16.000,74
2024-09-07,31.500,22.200,5.700,17.710,12.800,80
2024-09-08,31.800,22.300,3.600,17.020,14.400,81
2024-09-09,30.800,23.800,47.700,14.320,15.900,81
2024-09-10,31.300,23.000,23.100,17.540,14.100,78
2024-09-11,28.900,22.900,9.900,14.900,13.900,83
2024-09-12,29.300,21.900,6.100,13.700,15.100,85
2024-09-13,28.500,23.000,7.300,11.780,17.900,82
2024-09-14,30.100,22.400,23.700,11.700,12.800,82
2024-09-15,28.300,22.800,29.600,11.430,14.900,86
2024-09-16,30.600,23.500,2.800,15.930,17.100,79
2024-09-17,31.500,22.000,0.100,17.820,5.700,79
2024-09-18,32.300,22.400,0.000,18.230,6.900,76
2024-09-19,32.200,23.400,0.000,17.150,16.600,76
2024-09-20,32.600,23.900,1.000,17.310,18.700,73
2024-09-21,30.700,22.600,0.000,18.310,13.300,57
2024-09-22,29.500,22.200,0.000,18.380,17.000,53
2024-09-23,28.200,22.200,1.800,13.380,9.400,71
2024-09-24,27.200,20.500,0.000,7.980,10.400,79
2024-09-25,29.900,20.900,0.400,15.760,7.400,76
2024-09-26,31.000,21.400,0.100,16.890,7.000,77
2024-09-27,31.000,21.900,0.100,15.320,10.500,74
2024-09-28,27.900,23.200,2.000,10.330,19.600,78
2024-09-29,25.600,17.900,7.100,6.010,34.200,84
2024-09-30,20.600,16.300,1.200,9.470,15.100,79
2024-10-01,22.900,17.500,0.000,13.810,8.600,62
2024-10-02,22.500,16.200,0.100,11.330,13.100,68
2024-10-03,19.500,15.200,5.000,8.860,7.900,79
2024-10-04,18.800,15.400,1.600,5.770,9.700,82
2024-10-05,20.800,14.900,6.900,10.290,9.500,83
2024-10-06,22.000,15.500,6.100,10.970,5.500,81
2024-10-07,23.100,14.600,1.600,14.660,6.900,81
2024-10-08,21.400,14.400,0.600,10.140,10.000,85
2024-10-09,21.400,14.100,0.900,9.100,9.600,85
2024-10-10,23.400,16.500,2.100,13.280,9.900,73
2024-10-11,19.600,16.600,1.400,5.740,9.800,84
2024-10-12,21.000,15.400,2.800,9.560,12.300,84
2024-10-13,23.000,14.300,0.900,10.900,6.700,83
2024-10-14,23.600,16.400,0.100,11.080,11.900,82
2024-10-15,24.900,17.400,0.800,12.240,9.800,82
2024-10-16,21.600,15.600,5.300,5.430,11.400,84
2024-10-17,23.300,15.100,4.400,11.760,8.900,79
2024-10-18,22.400,17.500,2.100,6.880,8.100,86
2024-10-19,20.100,18.000,4.600,4.060,13.700,85
2024-10-20,20.600,16.800,1.100,6.340,17.800,86
2024-10-21,20.000,14.200,0.800,5.810,20.500,84
2024-10-22,21.900,14.400,0.000,15.380,7.900,68
2024-10-23,22.800,11.800,0.000,14.150,10.700,77
2024-10-24,20.300,15.400,2.500,6.290,8.800,85
2024-10-25,23.200,17.000,0.100,9.860,12.500,80
2024-10-26,19.500,15.700,1.400,4.190,13.800,75
2024-10-27,21.700,11.400,0.000,13.430,7.400,79
2024-10-28,22.000,11.100,0.700,12.830,8.000,79
2024-10-29,19.200,13.300,0.400,4.290,12.700,81
2024-10-30,20.800,15.100,0.600,9.640,11.100,79
2024-10-31,20.500,15.900,0.100,7.380,13.000,75
2024-11-01,23.000,16.400,0.200,12.820,7.200,69
2024-11-02,22.000,12.100,0.000,11.450,8.800,77
2024-11-03,18.600,15.600,0.500,3.120,9.800,83
2024-11-04,20.200,13.800,0.700,7.660,10.500,73
2024-11-05,20.700,10.600,0.000,11.440,7.300,79
2024-11-06,19.700,13.400,0.200,7.200,7.600,84
2024-11-07,19.700,12.100,0.000,6.960,6.700,84
2024-11-08,19.900,12.700,0.200,6.930,5.600,85
2024-11-09,17.900,13.200,1.800,3.950,12.500,91
2024-11-10,17.700,14.200,2.300,4.240,9.600,86
2024-11-11,18.100,13.600,0.200,3.280,8.900,82
2024-11-12,20.100,14.500,0.000,8.030,10.800,81
2024-11-13,19.600,14.600,0.000,7.380,8.300,86
2024-11-14,20.500,12.200,0.000,8.970,7.500,86
2024-11-15,18.800,15.000,1.500,3.890,10.800,89
2024-11-16,18.200,14.000,0.700,3.960,11.900,70
2024-11-17,13.800,9.900,0.300,3.330,10.700,71
2024-11-18,13.900,8.900,0.100,7.700,12.300,71
2024-11-19,12.600,9.100,0.000,6.350,9.600,71
2024-11-20,15.900,8.200,0.000,11.870,5.200,75
2024-11-21,16.800,9.300,0.000,10.180,3.600,75
2024-11-22,16.400,8.500,0.200,8.610,6.700,82
2024-11-23,14.600,11.300,0.200,4.460,8.700,84
2024-11-24,12.700,9.800,4.000,2.580,14.800,90
2024-11-25,11.600,7.300,0.500,5.530,12.300,63
2024-11-26,11.100,5.900,0.000,7.250,10.100,71
2024-11-27,13.400,4.900,0.000,9.880,6.500,73
2024-11-28,14.400,4.300,0.000,10.980,6.200,79
2024-11-29,13.600,1.900,0.000,10.950,5.800,82
2024-11-30,14.900,4.200,0.000,11.250,8.500,79
2024-12-01,15.900,5.400,0.000,11.230,5.500,77
2024-12-02,14.100,4.400,0.000,8.300,10.700,82
2024-12-03,16.600,9.200,0.000,8.470,6.300,77
2024-12-04,14.100,9.900,0.000,3.850,7.400,77
2024-12-05,12.600,7.500,0.000,5.680,9.300,61
2024-12-06,13.200,8.100,0.000,7.260,8.600,69
2024-12-07,11.200,7.200,0.400,4.960,16.000,73
2024-12-08,8.800,6.200,2.500,3.790,12.900,84
2024-12-09,8.500,5.200,1.300,3.670,15.200,84
2024-12-10,10.100,4.900,0.200,5.050,7.300,76
2024-12-11,11.000,0.400,0.000,11.160,7.000,72
2024-12-12,9.100,5.600,0.200,3.090,10.200,78
2024-12-13,6.900,4.200,0.000,3.270,8.100,52
2024-12-14,9.900,-0.200,0.000,11.020,7.000,53
2024-12-15,9.400,0.100,0.000,10.890,10.500,70
2024-12-16,10.900,-0.300,0.000,10.740,7.900,77
2024-12-17,11.800,1.500,0.000,10.470,6.500,81
2024-12-18,9.300,-0.400,0.400,7.220,9.100,87
2024-12-19,10.100,3.500,0.200,7.340,13.600,85
2024-12-20,10.200,5.900,0.000,6.180,9.300,82
2024-12-21,9.900,3.300,0.900,4.840,7.100,85
2024-12-22,7.200,4.700,1.100,3.550,10.800,83
2024-12-23,7.200,4.400,0.300,2.210,12.900,87
2024-12-24,10.400,3.800,0.600,9.600,12.200,74
2024-12-25,9.900,4.100,0.000,5.720,6.900,71
2024-12-26,11.900,-0.900,0.000,10.570,5.100,76
2024-12-27,8.200,6.400,0.200,2.460,12.400,70
2024-12-28,10.300,1.600,0.000,9.450,7.500,60
2024-12-29,6.500,4.400,0.100,2.840,12.200,69
2024-12-30,13.900,0.800,0.000,10.970,6.700,66
2024-12-31,12.800,1.900,0.000,10.910,6.800,69
2025-01-01,11.600,1.400,0.000,9.600,8.700,78
2025-01-02,14.200,1.400,0.100,9.180,6.200,74
2025-01-03,12.600,1.400,0.100,10.540,12.400,78
2025-01-04,13.900,3.000,0.000,8.880,8.900,75
2025-01-05,11.600,0.900,0.000,10.770,14.200,77
2025-01-06,13.100,0.800,0.000,11.060,7.600,77
2025-01-07,7.700,5.000,1.700,2.780,11.400,79
2025-01-08,10.500,4.500,0.000,8.210,7.200,74
2025-01-09,10.400,0.400,0.000,6.630,7.700,81
2025-01-10,7.800,4.800,5.100,4.190,10.900,89
2025-01-11,11.000,1.200,0.000,11.420,10.300,70
2025-01-12,9.600,-0.200,0.200,6.210,7.600,79
2025-01-13,11.100,0.600,0.500,8.210,7.200,81
2025-01-14,13.100,5.700,1.000,8.530,10.400,77
2025-01-15,9.700,5.600,0.900,4.030,12.000,86
2025-01-16,11.800,5.400,0.000,9.700,8.000,75
2025-01-17,9.800,4.300,0.400,4.860,12.200,86
2025-01-18,13.400,2.900,0.000,11.750,9.300,76
2025-01-19,12.600,0.900,0.100,10.170,6.700,83
2025-01-20,13.900,3.200,0.000,10.450,7.100,86
2025-01-21,14.300,4.300,0.000,10.160,6.300,83
2025-01-22,12.900,5.100,0.000,3.970,7.400,85
2025-01-23,12.900,6.100,0.000,5.570,10.500,86
2025-01-24,11.900,8.600,2.600,2.730,12.500,88
2025-01-25,9.000,6.300,3.100,3.910,12.200,76
2025-01-26,9.500,1.900,0.100,10.620,8.200,58
2025-01-27,7.000,-0.700,0.000,5.610,12.300,69
2025-01-28,10.400,-3.000,0.000,12.040,7.700,75
2025-01-29,11.900,-1.800,0.000,11.990,7.200,76
2025-01-30,9.900,5.900,0.100,3.520,8.100,74
2025-01-31,11.500,5.500,0.800,6.630,7.400,83
2025-02-01,10.000,5.300,0.000,6.090,11.400,82
2025-02-02,12.100,5.500,0.000,7.070,6.200,76
2025-02-03,12.400,4.400,0.000,13.430,9.800,62
2025-02-04,12.400,1.900,0.000,8.980,14.900,70
2025-02-05,9.300,5.900,0.600,4.670,13.900,73
2025-02-06,8.700,5.100,0.600,4.770,10.900,70
2025-02-07,8.400,4.500,0.700,3.560,12.700,69
2025-02-08,9.200,2.800,4.100,7.400,15.100,86
2025-02-09,7.700,4.200,0.800,3.630,7.000,87
2025-02-10,10.800,1.100,0.300,10.000,6.500,82
2025-02-11,10.200,5.200,0.000,6.220,10.800,78
2025-02-12,10.600,5.100,1.000,8.670,9.800,63
2025-02-13,9.800,4.000,0.000,8.870,11.300,70
2025-02-14,10.600,4.100,0.200,10.670,6.200,76
2025-02-15,13.100,2.500,0.400,11.990,7.100,78
2025-02-16,12.800,6.400,0.100,7.660,8.800,82
2025-02-17,13.900,7.300,0.000,10.790,6.200,78
2025-02-18,11.700,7.800,6.300,4.970,7.700,89
2025-02-19,9.800,7.400,3.900,2.970,7.300,92
2025-02-20,11.300,6.400,2.100,6.600,11.600,87
2025-02-21,9.900,7.100,2.500,3.020,9.800,89
2025-02-22,8.800,6.900,3.900,2.460,14.300,91
2025-02-23,8.400,5.800,1.800,3.110,10.200,87
2025-02-24,8.600,4.700,1.400,5.750,14.000,86
2025-02-25,13.300,2.800,0.100,14.740,8.100,78
2025-02-26,13.600,4.300,0.000,12.200,5.900,78
2025-02-27,14.200,7.200,0.000,8.430,10.300,78
2025-02-28,16.800,3.000,0.000,16.420,7.800,81
2025-03-01,16.100,7.100,2.000,9.230,9.300,79
2025-03-02,18.500,7.800,3.000,9.470,10.000,80
2025-03-03,17.400,9.100,2.400,11.980,11.800,77
2025-03-04,13.900,9.800,4.000,7.230,9.800,82
2025-03-05,10.900,8.600,13.900,2.840,15.200,92
2025-03-06,10.400,7.000,2.900,6.020,11.800,85
2025-03-07,10.900,3.200,2.300,6.560,7.300,89
2025-03-08,11.900,4.700,1.600,7.220,6.700,86
2025-03-09,14.100,5.900,0.500,11.390,5.600,81
2025-03-10,15.100,5.100,0.000,10.110,6.200,83
2025-03-11,16.400,9.900,0.600,10.890,11.400,78
2025-03-12,17.600,10.600,0.000,12.710,12.500,68
2025-03-13,15.800,7.600,0.200,10.320,7.600,74
2025-03-14,16.700,10.300,3.400,7.460,11.300,80
2025-03-15,13.800,9.400,4.400,8.130,12.100,70
2025-03-16,10.700,4.700,0.000,4.140,13.300,60
2025-03-17,9.100,2.400,1.100,5.100,8.400,88
2025-03-18,12.600,4.300,0.200,7.640,7.200,80
2025-03-19,15.300,2.800,0.000,14.840,6.700,78
2025-03-20,16.100,3.700,0.000,12.160,7.100,79
2025-03-21,18.500,1.900,0.000,17.500,6.700,69
2025-03-22,18.500,5.600,0.000,11.910,6.000,71
2025-03-23,21.900,9.100,0.300,16.590,13.200,66
2025-03-24,24.000,6.400,0.000,20.290,6.900,63
2025-03-25,26.500,8.400,0.000,20.610,6.700,65
2025-03-26,27.400,11.900,0.000,20.470,11.400,65
2025-03-27,25.800,15.100,0.000,20.380,24.500,33
2025-03-28,12.700,8.400,0.000,10.820,26.400,28
2025-03-29,11.400,6.800,0.000,12.660,14.500,47
2025-03-30,12.600,4.700,1.100,11.150,8.800,67
2025-03-31,9.400,6.600,3.500,4.460,8.400,87
2025-04-01,14.000,6.800,0.600,8.210,8.900,82
2025-04-02,19.000,6.100,0.800,16.370,12.000,69
2025-04-03,21.100,9.300,1.000,14.890,10.400,68
2025-04-04,22.800,11.600,2.600,13.860,11.600,73
2025-04-05,20.800,12.400,1.400,7.260,13.000,70
2025-04-06,21.100,11.800,2.100,12.930,8.200,76
2025-04-07,24.800,9.400,0.000,17.320,8.700,70
2025-04-08,28.200,12.700,0.000,20.240,8.300,64
2025-04-09,30.200,15.400,0.100,19.370,12.300,56
2025-04-10,30.200,18.400,0.000,16.090,12.000,52
2025-04-11,26.800,17.800,4.900,6.900,25.900,64
2025-04-12,18.500,11.400,9.400,11.660,22.700,70
2025-04-13,24.300,11.100,0.000,21.960,7.900,63
2025-04-14,26.900,10.100,0.000,15.900,8.500,61
2025-04-15,28.500,15.200,0.000,20.120,8.800,58
2025-04-16,29.000,14.400,0.000,18.800,6.800,56
2025-04-17,31.500,14.900,0.000,21.860,9.000,58
2025-04-18,32.400,17.000,0.800,20.030,22.100,55
2025-04-19,33.700,16.600,0.100,21.690,11.800,58
2025-04-20,31.500,19.600,1.400,19.320,10.400,63
2025-04-21,30.000,19.800,0.200,13.000,27.100,55
2025-04-22,27.500,15.900,0.400,18.060,15.400,58
2025-04-23,22.400,14.300,1.300,13.230,10.600,68
2025-04-24,23.100,14.900,2.700,15.130,10.000,75
2025-04-25,21.000,15.100,6.600,9.640,9.900,81
2025-04-26,21.200,15.100,1.200,9.960,9.300,83
2025-04-27,26.500,13.400,0.000,20.860,6.200,69
2025-04-28,26.000,16.000,0.400,11.530,10.700,62
2025-04-29,21.200,15.600,7.100,6.290,11.500,77
2025-04-30,27.000,14.400,0.000,20.660,9.600,65
2025-05-01,31.700,13.900,0.000,22.330,11.700,63
2025-05-02,32.200,16.800,0.000,20.620,7.500,58
2025-05-03,32.100,21.000,0.000,15.100,18.800,46
2025-05-04,29.500,20.000,16.800,17.750,17.300,63
2025-05-05,26.800,14.400,3.300,21.880,17.300,63
2025-05-06,27.300,17.600,0.000,16.290,14.700,66
2025-05-07,26.000,14.300,3.100,17.340,11.400,72
2025-05-08,28.400,15.900,2.800,21.140,11.300,72
2025-05-09,24.700,18.400,0.100,14.230,23.100,50
2025-05-10,25.600,16.500,0.300,19.560,18.200,51
2025-05-11,28.500,12.700,0.000,23.860,11.200,56
2025-05-12,31.800,13.900,0.700,23.490,14.800,47
2025-05-13,33.800,20.900,0.000,22.330,13.600,40
2025-05-14,29.500,22.600,0.000,8.230,16.100,47
2025-05-15,32.000,20.100,0.000,15.280,8.000,46
2025-05-16,26.000,18.200,0.000,6.980,5.700,60
2025-05-17,27.900,19.600,0.000,9.970,6.200,65
2025-05-18,31.000,19.500,0.000,19.080,8.100,65
2025-05-19,34.100,17.500,0.000,22.640,6.800,55
2025-05-20,36.500,19.600,0.000,22.920,9.100,44
2025-05-21,34.500,22.900,0.000,15.640,11.000,46
2025-05-22,33.700,21.600,2.200,19.490,19.200,55
2025-05-23,28.200,21.100,4.000,6.860,18.500,56
2025-05-24,30.800,19.000,0.000,17.370,17.100,51
2025-05-25,31.000,17.700,0.000,17.650,9.200,48
2025-05-26,27.500,21.000,1.800,12.510,9.800,60
2025-05-27,22.800,18.900,26.400,5.690,22.400,85
2025-05-28,27.200,17.400,0.200,19.630,8.700,73
2025-05-29,26.300,18.100,0.300,15.930,8.900,75
2025-05-30,25.000,19.500,2.200,7.980,17.700,81
2025-05-31,22.000,18.500,1.600,7.050,7.900,83
2025-06-01,24.400,17.900,0.100,7.120,7.200,82
2025-06-02,25.400,19.300,0.000,7.820,10.400,75
2025-06-03,27.600,18.000,0.600,11.890,8.600,70
2025-06-04,29.500,18.100,0.000,18.530,13.000,61
2025-06-05,30.600,19.300,0.000,18.200,11.900,60
2025-06-06,32.500,22.100,0.000,16.780,13.900,59
2025-06-07,31.500,23.800,0.000,14.320,9.700,56
2025-06-08,35.400,24.100,0.000,20.910,15.200,53
2025-06-09,33.200,23.000,1.700,14.860,13.400,55
2025-06-10,36.500,20.200,0.000,19.670,17.800,46
2025-06-11,37.700,22.100,0.000,22.820,15.400,38
2025-06-12,39.100,23.500,0.000,24.330,9.500,34
2025-06-13,39.000,23.900,0.000,22.710,10.100,39
2025-06-14,32.800,24.600,0.000,15.810,25.800,46
2025-06-15,36.400,22.500,0.000,24.200,10.900,47
2025-06-16,39.300,22.600,0.000,21.870,13.300,40
2025-06-17,39.500,24.400,1.800,21.180,16.600,44
2025-06-18,28.100,23.200,8.900,13.220,19.800,83
2025-06-19,32.200,23.500,1.300,18.780,10.400,72
2025-06-20,29.900,23.400,0.000,7.630,13.000,72
2025-06-21,30.500,21.000,0.100,16.160,12.900,70
2025-06-22,28.400,21.900,10.000,20.080,10.700,82
2025-06-23,26.600,21.500,3.700,12.800,14.500,80
2025-06-24,22.100,20.000,52.300,2.860,15.200,93
2025-06-25,28.100,18.500,1.100,19.110,6.700,81
2025-06-26,29.000,20.100,0.700,19.940,5.800,79
2025-06-27,29.500,22.000,1.100,17.740,5.700,80
2025-06-28,31.600,22.600,1.500,20.250,6.500,80
2025-06-29,26.800,22.200,28.200,7.840,11.800,92
2025-06-30,31.000,21.100,0.100,22.370,7.700,81
2025-07-01,30.100,22.200,1.400,19.660,12.500,82
2025-07-02,28.800,22.200,0.600,10.570,12.000,85
2025-07-03,25.900,23.000,24.800,6.590,13.600,93
2025-07-04,30.400,22.200,26.300,17.260,19.400,87
2025-07-05,28.400,21.800,24.700,17.010,14.200,79
2025-07-06,26.200,20.800,18.400,10.060,10.000,84
2025-07-07,28.000,20.600,5.600,11.870,5.400,86
2025-07-08,29.300,20.500,1.800,18.510,9.400,82
2025-07-09,31.500,22.100,0.900,22.020,8.700,80
2025-07-10,30.800,22.000,3.200,19.970,9.200,88
2025-07-11,30.000,21.900,13.900,16.700,11.800,90
2025-07-12,31.500,22.000,0.100,22.020,7.800,85
2025-07-13,31.900,22.400,1.000,21.260,8.200,80
2025-07-14,32.900,23.000,1.600,21.250,8.600,83
2025-07-15,34.800,23.600,0.200,21.600,8.200,77
2025-07-16,36.700,25.000,0.000,22.220,13.100,72
2025-07-17,37.700,26.000,0.000,21.590,9.900,66
2025-07-18,32.500,27.200,17.500,14.710,18.300,78
2025-07-19,31.600,24.000,22.900,16.550,10.100,85
2025-07-20,32.500,24.200,1.500,19.810,14.100,79
2025-07-21,32.600,24.200,0.200,21.850,10.300,72
2025-07-22,32.800,24.100,0.700,17.120,10.300,80
2025-07-23,32.400,23.800,39.300,19.090,16.100,83
2025-07-24,30.800,23.600,24.200,17.000,11.100,88
2025-07-25,29.700,23.000,62.900,11.000,10.100,93
2025-07-26,31.200,23.200,25.600,14.620,10.700,87
2025-07-27,32.500,23.000,0.000,21.550,7.600,85
2025-07-28,34.000,23.500,0.000,22.240,7.100,80
2025-07-29,34.900,24.900,1.000,20.320,8.700,77
2025-07-30,35.000,24.500,7.500,21.560,6.600,78
2025-07-31,35.600,24.100,0.000,21.550,7.400,76
2025-08-01,36.400,25.600,0.000,21.820,13.600,61
2025-08-02,38.200,25.800,0.000,21.930,12.400,58
2025-08-03,39.100,27.400,0.100,19.870,12.000,54
2025-08-04,38.700,29.100,1.400,18.860,16.100,53
2025-08-05,38.500,25.600,8.900,19.740,17.800,68
2025-08-06,33.000,26.500,17.300,11.690,16.600,80
2025-08-07,31.000,25.000,20.900,12.770,7.800,87
2025-08-08,32.700,24.900,36.100,17.480,14.600,85
2025-08-09,30.200,25.000,64.400,10.130,8.700,90
2025-08-10,28.500,24.100,29.600,6.850,11.100,92
2025-08-11,31.800,23.600,0.500,14.880,10.600,80
2025-08-12,31.200,22.300,1.400,19.310,7.500,85
2025-08-13,33.700,23.800,0.100,19.030,7.000,75
2025-08-14,32.300,24.000,1.500,15.030,9.100,78
2025-08-15,33.800,23.100,4.400,19.790,12.700,76
2025-08-16,29.600,22.800,16.400,15.100,12.800,86
2025-08-17,31.000,22.200,21.000,14.050,9.400,86
2025-08-18,31.000,22.500,6.300,16.780,6.700,85
2025-08-19,31.000,22.000,23.700,18.360,14.400,85
2025-08-20,32.000,22.600,4.300,18.920,13.800,82
2025-08-21,31.300,23.200,31.400,15.480,18.500,85
2025-08-22,31.000,21.900,0.800,18.560,14.400,76
2025-08-23,30.200,22.500,17.400,15.550,14.900,82
2025-08-24,30.500,23.100,8.600,17.090,11.400,84
2025-08-25,28.500,22.800,28.600,11.700,11.500,90
2025-08-26,30.400,22.500,21.400,15.180,11.000,88
2025-08-27,27.400,22.800,20.200,13.660,16.400,89
2025-08-28,24.900,20.900,56.000,7.160,18.300,90
2025-08-29,22.700,19.100,30.200,4.650,14.400,91
2025-08-30,24.100,19.500,4.200,7.980,6.000,88
2025-08-31,26.300,19.400,0.000,13.740,9.900,83
2025-09-01,27.800,19.400,0.800,15.090,5.400,84
2025-09-02,28.600,21.800,0.400,13.580,15.700,83
2025-09-03,29.500,22.000,0.000,15.220,10.600,75
2025-09-04,30.600,21.700,0.100,17.240,6.700,74
2025-09-05,25.900,20.900,24.500,5.230,27.300,87
2025-09-06,26.400,20.400,6.600,10.510,11.200,81
2025-09-07,28.100,19.600,1.600,15.690,8.000,80
2025-09-08,29.200,21.400,1.300,16.950,6.300,81
2025-09-09,29.100,20.600,1.300,17.590,6.600,81
2025-09-10,26.700,22.200,11.100,8.240,7.000,90
2025-09-11,26.900,22.200,21.400,9.080,12.600,90
2025-09-12,25.500,21.900,2.100,4.160,10.000,87
2025-09-13,30.800,20.600,0.600,14.900,7.500,83
2025-09-14,30.500,22.400,1.300,15.980,5.500,82
2025-09-15,30.100,23.400,1.500,15.170,12.300,86
2025-09-16,26.200,21.400,55.100,7.760,18.900,90
2025-09-17,28.200,21.600,6.600,9.300,17.300,78
2025-09-18,26.800,19.500,1.100,14.390,14.400,72
2025-09-19,25.900,18.800,0.600,14.730,15.700,77
2025-09-20,26.100,18.900,1.100,13.310,8.600,79
2025-09-21,23.800,19.400,1.800,7.990,15.900,83
2025-09-22,23.800,18.200,1.100,8.760,11.000,81
2025-09-23,26.300,18.300,7.400,14.430,8.400,79
2025-09-24,26.800,16.500,0.000,16.030,6.300,79
2025-09-25,27.100,18.300,0.700,16.140,6.900,81
2025-09-26,25.900,19.900,0.600,10.520,9.300,84
2025-09-27,26.000,20.200,0.600,8.490,10.100,86
2025-09-28,24.900,21.200,0.900,7.170,14.000,82
2025-09-29,26.000,18.600,0.200,11.430,10.100,81
2025-09-30,26.200,19.900,0.500,11.260,8.700,79
2025-10-01,24.900,20.200,0.600,9.670,13.500,81
